order_id,user_id,order_date,status,payment_method,shipping_cost
1,270,2025-06-27 17:35:41,Completed,Credit Card,6.88
2,530,2025-06-27 06:00:25,Shipped,Apple Pay,0.0
3,530,2025-06-28 15:57:59,Completed,Debit Card,13.89
4,1398,2025-06-29 13:03:48,Completed,PayPal,10.09
5,1414,2025-06-30 20:07:13,Completed,Credit Card,10.03
6,1106,2025-07-01 15:15:04,Completed,Credit Card,3.6
7,839,2025-07-01 23:47:29,Completed,Credit Card,2.96
8,446,2025-07-02 11:30:25,Shipped,Apple Pay,0.0
9,516,2025-07-03 08:14:50,Completed,Debit Card,0.0
10,529,2025-07-04 05:01:44,Completed,Credit Card,6.4
11,158,2025-07-04 02:39:14,Completed,Debit Card,0.0
12,446,2025-07-06 21:04:59,Completed,Bank Transfer,0.0
13,1403,2025-07-06 18:59:10,Completed,Bank Transfer,14.96
14,181,2025-07-07 08:46:04,Completed,PayPal,0.47
15,725,2025-07-08 03:41:01,Completed,Credit Card,14.02
16,1353,2025-07-08 17:14:05,Completed,Debit Card,0.0
17,815,2025-07-07 22:32:26,Completed,Credit Card,0.16
18,172,2025-07-08 13:53:20,Completed,Credit Card,0.0
19,767,2025-07-09 10:53:36,Completed,Credit Card,13.14
20,933,2025-07-09 03:38:53,Completed,Bank Transfer,0.0
21,914,2025-07-09 06:44:45,Completed,Apple Pay,10.22
22,1353,2025-07-12 20:00:40,Completed,Apple Pay,7.21
23,54,2025-07-14 01:46:17,Completed,Debit Card,12.66
24,181,2025-07-14 16:29:14,Completed,PayPal,0.0
25,1167,2025-07-14 18:46:27,Completed,Debit Card,0.0
26,614,2025-07-15 18:10:11,Completed,Credit Card,0.0
27,467,2025-07-16 18:20:21,Returned,Apple Pay,4.37
28,1167,2025-07-16 16:28:30,Completed,Apple Pay,0.0
29,370,2025-07-16 03:57:51,Completed,Credit Card,0.0
30,54,2025-07-17 17:40:53,Completed,Apple Pay,0.0
31,1481,2025-07-18 22:15:20,Processing,Credit Card,1.36
32,457,2025-07-18 22:12:00,Completed,PayPal,2.99
33,104,2025-07-18 06:15:01,Completed,Debit Card,0.0
34,1106,2025-07-19 00:47:09,Completed,Apple Pay,0.0
35,839,2025-07-19 01:02:47,Completed,Debit Card,12.32
36,1353,2025-07-19 22:16:58,Completed,Debit Card,5.06
37,63,2025-07-19 15:40:29,Completed,Apple Pay,0.0
38,467,2025-07-21 03:54:53,Completed,Credit Card,0.48
39,1481,2025-07-21 15:35:50,Completed,Credit Card,10.75
40,1137,2025-07-21 07:03:30,Completed,PayPal,0.0
41,1481,2025-07-21 13:03:26,Completed,PayPal,0.0
42,728,2025-07-21 14:04:35,Completed,PayPal,11.67
43,1071,2025-07-21 06:09:28,Returned,Apple Pay,0.0
44,181,2025-07-21 16:16:28,Completed,PayPal,0.0
45,370,2025-07-22 13:22:37,Completed,Debit Card,0.0
46,1330,2025-07-22 08:22:41,Completed,PayPal,7.75
47,529,2025-07-23 15:58:25,Completed,Apple Pay,0.0
48,530,2025-07-26 15:01:19,Processing,Apple Pay,2.38
49,1342,2025-07-26 05:46:39,Processing,PayPal,0.0
50,938,2025-07-26 19:34:29,Completed,Apple Pay,9.91
51,279,2025-07-26 23:02:26,Completed,Debit Card,0.0
52,259,2025-07-27 19:41:34,Completed,PayPal,0.0
53,1065,2025-07-28 15:57:16,Completed,Bank Transfer,1.24
54,131,2025-07-29 20:34:48,Completed,PayPal,0.0
55,1069,2025-07-31 00:35:35,Completed,Debit Card,0.0
56,104,2025-07-31 03:18:38,Completed,Debit Card,0.0
57,329,2025-07-31 17:29:17,Completed,PayPal,10.75
58,529,2025-07-31 13:42:47,Completed,Apple Pay,0.0
59,443,2025-08-01 16:31:08,Completed,Apple Pay,2.85
60,530,2025-08-03 14:25:07,Completed,Bank Transfer,0.0
61,972,2025-08-04 21:58:06,Completed,Credit Card,0.52
62,1024,2025-08-04 19:45:46,Completed,Debit Card,0.0
63,1056,2025-08-04 08:13:40,Completed,Credit Card,6.79
64,576,2025-08-05 02:30:11,Completed,Credit Card,0.0
65,804,2025-08-07 07:35:57,Completed,PayPal,0.0
66,89,2025-08-07 00:42:45,Shipped,Apple Pay,1.67
67,743,2025-08-08 09:46:54,Shipped,Debit Card,2.53
68,1398,2025-08-08 15:15:49,Completed,Credit Card,7.88
69,380,2025-08-08 15:31:38,Completed,PayPal,0.0
70,914,2025-08-09 03:55:12,Shipped,Bank Transfer,5.6
71,1106,2025-08-10 00:07:04,Completed,Debit Card,11.43
72,457,2025-08-10 10:52:20,Completed,Credit Card,11.06
73,496,2025-08-10 08:04:09,Cancelled,PayPal,1.1
74,1427,2025-08-11 13:58:06,Completed,Debit Card,0.0
75,877,2025-08-12 01:01:21,Completed,Bank Transfer,0.0
76,158,2025-08-12 19:48:54,Completed,PayPal,2.2
77,191,2025-08-14 19:03:54,Completed,PayPal,6.91
78,308,2025-08-14 17:59:00,Completed,PayPal,0.0
79,158,2025-08-15 12:10:30,Completed,Credit Card,0.0
80,671,2025-08-15 21:59:27,Completed,Debit Card,0.73
81,530,2025-08-16 21:34:24,Completed,PayPal,10.88
82,443,2025-08-16 22:06:53,Completed,Bank Transfer,11.88
83,529,2025-08-16 20:04:55,Completed,Apple Pay,10.63
84,42,2025-08-16 06:08:09,Completed,Bank Transfer,0.0
85,346,2025-08-16 23:54:55,Completed,Credit Card,11.18
86,815,2025-08-18 01:23:08,Completed,Bank Transfer,0.65
87,1353,2025-08-20 10:48:50,Completed,Debit Card,0.0
88,458,2025-08-21 08:18:03,Completed,Apple Pay,5.46
89,161,2025-08-23 03:13:45,Completed,Apple Pay,0.0
90,1179,2025-08-24 19:29:04,Completed,Credit Card,0.0
91,614,2025-08-25 15:38:21,Completed,Debit Card,2.22
92,697,2025-08-24 22:23:40,Completed,Credit Card,8.83
93,938,2025-08-26 10:46:15,Completed,PayPal,0.0
94,938,2025-08-27 06:08:25,Shipped,Credit Card,8.83
95,1384,2025-08-27 11:16:15,Completed,Apple Pay,0.0
96,458,2025-08-27 05:50:34,Completed,Credit Card,0.0
97,403,2025-08-27 22:19:21,Completed,Debit Card,12.98
98,1309,2025-08-27 14:08:23,Completed,Credit Card,13.66
99,27,2025-08-27 06:53:39,Completed,PayPal,7.93
100,983,2025-08-28 21:57:52,Shipped,Credit Card,0.0
101,1236,2025-08-29 03:48:02,Completed,Bank Transfer,0.0
102,414,2025-08-29 06:31:04,Completed,Bank Transfer,10.61
103,789,2025-08-29 22:25:53,Completed,Bank Transfer,14.12
104,1440,2025-08-30 02:56:00,Completed,Credit Card,11.62
105,743,2025-08-31 20:24:54,Completed,Credit Card,0.0
106,49,2025-08-31 05:08:57,Completed,Debit Card,8.14
107,1285,2025-08-31 09:12:14,Completed,Apple Pay,0.0
108,122,2025-09-01 06:18:16,Completed,Credit Card,14.75
109,341,2025-08-31 23:22:05,Completed,PayPal,11.93
110,1341,2025-09-01 04:14:33,Completed,PayPal,2.66
111,524,2025-09-01 20:18:46,Completed,PayPal,1.97
112,1398,2025-09-01 00:44:44,Completed,PayPal,0.0
113,99,2025-09-01 12:50:25,Completed,Bank Transfer,2.85
114,1032,2025-09-02 15:37:35,Completed,Apple Pay,0.42
115,66,2025-09-03 18:07:48,Shipped,PayPal,0.0
116,863,2025-09-05 03:37:50,Completed,Debit Card,0.0
117,467,2025-09-06 07:05:43,Completed,PayPal,6.11
118,335,2025-09-06 00:13:18,Completed,Apple Pay,11.12
119,570,2025-09-06 22:27:17,Completed,Bank Transfer,1.02
120,1247,2025-09-07 09:17:11,Completed,Apple Pay,0.0
121,3,2025-09-08 20:54:26,Completed,Bank Transfer,0.0
122,1035,2025-09-08 21:45:25,Completed,Bank Transfer,0.0
123,4,2025-09-08 23:20:28,Completed,Debit Card,0.0
124,27,2025-09-10 19:24:31,Completed,Bank Transfer,13.77
125,60,2025-09-11 18:32:47,Completed,Credit Card,13.78
126,707,2025-09-12 13:13:40,Completed,Apple Pay,2.56
127,99,2025-09-12 08:38:56,Completed,Apple Pay,0.0
128,378,2025-09-14 16:02:34,Completed,Debit Card,10.57
129,529,2025-09-15 04:53:16,Shipped,Debit Card,12.39
130,529,2025-09-15 01:03:48,Completed,Bank Transfer,0.0
131,141,2025-09-16 17:54:15,Completed,Apple Pay,11.17
132,1330,2025-09-16 11:34:55,Shipped,PayPal,1.5
133,1257,2025-09-16 16:22:04,Completed,Credit Card,6.92
134,212,2025-09-16 05:09:06,Completed,Credit Card,0.0
135,1238,2025-09-18 02:03:54,Completed,Bank Transfer,0.0
136,695,2025-09-19 14:16:51,Processing,Credit Card,0.0
137,1327,2025-09-19 12:57:01,Shipped,Bank Transfer,0.0
138,1068,2025-09-20 01:48:38,Completed,Apple Pay,0.0
139,946,2025-09-21 12:48:46,Completed,Debit Card,0.0
140,494,2025-09-21 14:04:46,Completed,Credit Card,0.0
141,15,2025-09-21 10:17:49,Shipped,Apple Pay,0.0
142,1285,2025-09-22 10:43:49,Completed,Debit Card,0.0
143,597,2025-09-23 00:44:22,Completed,Bank Transfer,6.15
144,660,2025-09-25 14:09:08,Completed,Apple Pay,0.0
145,1404,2025-09-27 23:36:06,Completed,Debit Card,5.32
146,15,2025-09-29 07:40:36,Completed,Debit Card,0.0
147,147,2025-09-29 16:36:14,Cancelled,Debit Card,0.0
148,639,2025-09-29 01:21:16,Completed,Credit Card,0.0
149,989,2025-09-29 23:59:13,Completed,Credit Card,0.0
150,1074,2025-09-30 20:21:42,Completed,Apple Pay,0.0
151,841,2025-09-30 14:14:14,Completed,PayPal,0.0
152,1224,2025-10-01 20:35:23,Completed,Credit Card,9.25
153,793,2025-10-02 06:47:52,Completed,PayPal,0.0
154,1180,2025-10-03 07:03:04,Completed,Credit Card,8.15
155,109,2025-10-04 09:25:34,Completed,Apple Pay,0.0
156,1094,2025-10-04 13:32:34,Completed,Debit Card,0.0
157,263,2025-10-06 17:15:58,Completed,Debit Card,5.2
158,934,2025-10-06 07:11:28,Completed,Bank Transfer,0.0
159,107,2025-10-08 02:08:52,Completed,PayPal,8.02
160,1259,2025-10-08 09:19:54,Completed,Bank Transfer,4.73
161,212,2025-10-09 04:37:29,Completed,Credit Card,0.0
162,1094,2025-10-09 06:47:56,Completed,Debit Card,0.0
163,13,2025-10-09 03:39:32,Completed,Bank Transfer,0.0
164,1065,2025-10-09 16:06:49,Completed,Bank Transfer,0.0
165,691,2025-10-11 02:10:15,Completed,Debit Card,0.77
166,1109,2025-10-12 21:09:58,Completed,PayPal,10.87
167,703,2025-10-12 10:32:05,Completed,Debit Card,0.0
168,1404,2025-10-12 01:53:45,Completed,PayPal,2.14
169,1077,2025-10-12 01:38:15,Completed,Bank Transfer,0.0
170,960,2025-10-12 16:35:19,Completed,Credit Card,0.0
171,92,2025-10-12 20:40:47,Completed,PayPal,4.1
172,345,2025-10-12 09:18:02,Completed,Credit Card,0.0
173,616,2025-10-12 20:04:37,Completed,Credit Card,13.67
174,331,2025-10-13 10:47:49,Completed,PayPal,0.0
175,143,2025-10-13 21:04:27,Completed,Credit Card,9.39
176,660,2025-10-13 11:38:49,Processing,PayPal,5.05
177,735,2025-10-14 06:56:51,Completed,Credit Card,6.1
178,262,2025-10-14 05:39:31,Completed,Bank Transfer,11.49
179,1024,2025-10-15 19:14:20,Completed,Bank Transfer,0.0
180,1179,2025-10-15 05:14:02,Completed,Apple Pay,0.63
181,158,2025-10-16 13:22:55,Completed,Apple Pay,13.04
182,1353,2025-10-17 22:28:20,Completed,Apple Pay,0.05
183,1285,2025-10-19 02:57:06,Completed,Bank Transfer,8.57
184,32,2025-10-19 10:34:21,Completed,Bank Transfer,0.0
185,266,2025-10-20 12:16:04,Completed,Bank Transfer,7.87
186,568,2025-10-19 23:06:43,Completed,PayPal,0.0
187,1367,2025-10-20 08:37:07,Cancelled,PayPal,2.77
188,1290,2025-10-21 18:16:38,Completed,PayPal,0.0
189,226,2025-10-21 20:03:35,Completed,Bank Transfer,0.0
190,454,2025-10-22 12:06:56,Completed,Apple Pay,1.13
191,891,2025-10-22 19:27:14,Completed,PayPal,3.53
192,707,2025-10-22 13:31:57,Completed,Credit Card,6.51
193,601,2025-10-21 23:15:34,Completed,Apple Pay,0.0
194,773,2025-10-22 03:01:30,Completed,Credit Card,0.0
195,1212,2025-10-22 08:04:31,Completed,Credit Card,6.86
196,463,2025-10-22 00:26:27,Completed,Debit Card,7.78
197,949,2025-10-22 23:48:58,Cancelled,Debit Card,10.25
198,15,2025-10-24 21:21:02,Completed,PayPal,0.0
199,693,2025-10-26 18:18:31,Completed,Credit Card,0.0
200,1119,2025-10-27 05:37:08,Completed,Credit Card,3.3
201,399,2025-10-28 13:09:28,Completed,Debit Card,0.25
202,486,2025-10-29 16:11:40,Completed,Bank Transfer,1.91
203,414,2025-10-30 15:45:46,Completed,Debit Card,13.51
204,404,2025-10-30 13:16:44,Completed,Bank Transfer,9.59
205,760,2025-10-31 10:14:28,Shipped,Debit Card,2.31
206,929,2025-11-01 06:12:42,Completed,Credit Card,0.0
207,135,2025-11-01 13:47:42,Completed,Credit Card,14.25
208,860,2025-11-01 10:05:54,Completed,Apple Pay,0.0
209,721,2025-11-01 10:15:32,Completed,Apple Pay,6.08
210,129,2025-11-02 19:43:06,Completed,Debit Card,0.0
211,241,2025-11-01 22:50:55,Completed,Debit Card,13.14
212,590,2025-11-01 23:46:42,Completed,Bank Transfer,12.14
213,107,2025-11-02 16:44:46,Completed,Debit Card,0.77
214,80,2025-11-02 11:16:46,Completed,Apple Pay,0.0
215,1178,2025-11-01 23:03:02,Shipped,Apple Pay,0.0
216,1419,2025-11-02 04:21:58,Completed,Apple Pay,0.0
217,907,2025-11-02 09:39:30,Shipped,Bank Transfer,13.12
218,1072,2025-11-03 03:49:56,Completed,Debit Card,8.14
219,1330,2025-11-03 06:13:24,Completed,Debit Card,0.0
220,151,2025-11-03 02:07:45,Completed,Credit Card,14.4
221,1038,2025-11-04 03:57:10,Completed,Credit Card,0.0
222,578,2025-11-04 21:13:40,Completed,PayPal,12.28
223,1489,2025-11-04 18:01:41,Completed,Credit Card,7.21
224,1437,2025-11-04 10:59:37,Completed,Debit Card,3.3
225,824,2025-11-04 12:12:42,Completed,PayPal,4.91
226,441,2025-11-05 08:10:22,Completed,PayPal,0.0
227,1384,2025-11-05 03:11:44,Completed,Bank Transfer,9.27
228,1492,2025-11-05 12:24:43,Completed,Bank Transfer,0.0
229,1388,2025-11-06 14:57:26,Completed,PayPal,1.74
230,1137,2025-11-06 11:06:34,Completed,Apple Pay,0.0
231,80,2025-11-06 14:30:18,Completed,PayPal,14.94
232,438,2025-11-06 18:41:59,Returned,Credit Card,0.0
233,703,2025-11-08 04:52:49,Completed,PayPal,0.0
234,40,2025-11-08 11:43:14,Completed,Credit Card,4.44
235,1082,2025-11-08 22:08:22,Completed,Debit Card,0.0
236,1181,2025-11-08 00:20:58,Completed,Credit Card,9.31
237,151,2025-11-09 12:24:33,Completed,PayPal,13.86
238,674,2025-11-09 04:34:12,Completed,Bank Transfer,9.89
239,1489,2025-11-10 18:53:42,Completed,Apple Pay,0.0
240,789,2025-11-10 07:00:44,Completed,Bank Transfer,11.27
241,906,2025-11-11 16:35:05,Completed,Apple Pay,1.37
242,636,2025-11-11 03:17:36,Completed,Credit Card,0.0
243,813,2025-11-13 11:47:10,Completed,Credit Card,2.2
244,802,2025-11-13 00:57:07,Processing,Debit Card,0.0
245,133,2025-11-13 22:15:41,Cancelled,Apple Pay,8.13
246,1224,2025-11-13 01:02:44,Completed,Apple Pay,3.21
247,1131,2025-11-13 20:58:12,Completed,PayPal,5.59
248,1136,2025-11-13 15:53:08,Processing,Apple Pay,0.0
249,1046,2025-11-13 00:50:39,Completed,Credit Card,0.0
250,96,2025-11-14 16:07:33,Completed,Debit Card,13.13
251,1382,2025-11-13 23:48:09,Completed,Apple Pay,0.0
252,924,2025-11-14 18:16:11,Completed,PayPal,0.0
253,852,2025-11-15 10:07:23,Completed,Debit Card,12.28
254,13,2025-11-15 12:24:25,Completed,PayPal,0.0
255,62,2025-11-14 23:26:17,Completed,Bank Transfer,0.0
256,1094,2025-11-16 09:18:56,Completed,Credit Card,0.0
257,841,2025-11-16 12:59:11,Completed,Debit Card,0.0
258,473,2025-11-16 05:46:01,Completed,Credit Card,0.0
259,987,2025-11-16 04:27:27,Completed,Bank Transfer,0.0
260,319,2025-11-16 21:03:59,Completed,Debit Card,9.34
261,477,2025-11-17 18:28:29,Completed,Bank Transfer,3.73
262,386,2025-11-17 21:21:15,Completed,Bank Transfer,12.72
263,546,2025-11-17 20:14:32,Completed,Apple Pay,12.37
264,1295,2025-11-17 18:50:23,Completed,Bank Transfer,14.43
265,1409,2025-11-17 09:06:04,Completed,Credit Card,4.57
266,1256,2025-11-17 21:14:23,Shipped,Credit Card,0.0
267,1485,2025-11-17 05:28:40,Completed,Apple Pay,10.76
268,1007,2025-11-18 12:45:24,Completed,Bank Transfer,0.8
269,657,2025-11-18 09:12:43,Completed,Credit Card,0.0
270,3,2025-11-18 03:35:39,Completed,Credit Card,0.0
271,454,2025-11-19 09:59:48,Completed,Bank Transfer,10.33
272,263,2025-11-19 23:03:17,Completed,Apple Pay,12.8
273,1338,2025-11-20 13:17:45,Completed,Credit Card,0.0
274,215,2025-11-20 16:02:34,Completed,Credit Card,0.0
275,1077,2025-11-20 08:10:47,Completed,PayPal,0.0
276,1423,2025-11-21 11:48:26,Completed,Bank Transfer,3.88
277,876,2025-11-21 04:47:05,Completed,Apple Pay,0.0
278,673,2025-11-21 22:13:56,Completed,Debit Card,0.0
279,371,2025-11-22 10:09:33,Completed,Credit Card,0.0
280,89,2025-11-22 22:28:21,Cancelled,Apple Pay,13.16
281,906,2025-11-23 05:16:27,Completed,Apple Pay,8.34
282,486,2025-11-23 00:34:13,Completed,Debit Card,10.58
283,661,2025-11-23 18:50:58,Shipped,Apple Pay,0.0
284,1109,2025-11-24 04:59:38,Completed,PayPal,0.3
285,264,2025-11-24 08:25:47,Completed,Bank Transfer,0.0
286,1441,2025-11-24 10:09:22,Completed,Credit Card,0.0
287,53,2025-11-24 17:24:13,Shipped,Bank Transfer,9.65
288,584,2025-11-24 13:24:45,Completed,Credit Card,0.0
289,1137,2025-11-24 15:42:35,Completed,Credit Card,0.0
290,1178,2025-11-24 18:26:18,Completed,Bank Transfer,0.0
291,1160,2025-11-24 18:30:47,Completed,Bank Transfer,1.16
292,399,2025-11-24 03:59:26,Returned,PayPal,0.0
293,40,2025-11-24 14:43:39,Completed,PayPal,13.7
294,929,2025-11-24 00:58:58,Completed,Apple Pay,9.84
295,1024,2025-11-24 19:10:41,Completed,PayPal,8.92
296,530,2025-11-25 08:07:50,Completed,Apple Pay,0.0
297,214,2025-11-25 05:33:06,Shipped,Bank Transfer,0.0
298,1322,2025-11-25 07:10:35,Completed,Apple Pay,13.94
299,600,2025-11-24 23:05:30,Completed,Credit Card,13.54
300,399,2025-11-25 13:44:11,Completed,Bank Transfer,3.69
301,185,2025-11-25 19:01:57,Completed,Credit Card,0.0
302,75,2025-11-26 10:43:01,Completed,Credit Card,14.86
303,600,2025-11-26 18:28:54,Completed,Bank Transfer,0.0
304,1144,2025-11-26 15:17:35,Completed,Bank Transfer,7.33
305,1085,2025-11-27 07:07:58,Completed,Apple Pay,8.08
306,524,2025-11-27 03:15:26,Shipped,Bank Transfer,0.0
307,1037,2025-11-27 21:33:12,Completed,Apple Pay,0.0
308,922,2025-11-27 19:48:32,Completed,Debit Card,5.61
309,1472,2025-11-27 23:16:34,Completed,Credit Card,0.0
310,32,2025-11-28 23:25:02,Completed,PayPal,0.0
311,449,2025-11-29 10:03:03,Completed,Apple Pay,9.93
312,1353,2025-11-29 04:58:14,Completed,Apple Pay,0.0
313,32,2025-11-29 04:48:10,Completed,PayPal,5.12
314,941,2025-11-29 05:10:41,Completed,Bank Transfer,1.16
315,12,2025-11-30 03:56:53,Completed,Bank Transfer,0.0
316,98,2025-11-30 22:14:08,Returned,Debit Card,13.69
317,1187,2025-12-01 05:07:50,Cancelled,Bank Transfer,0.0
318,1137,2025-12-02 14:31:02,Completed,Debit Card,12.2
319,945,2025-12-02 12:49:02,Returned,Credit Card,0.0
320,43,2025-12-02 19:28:32,Completed,Bank Transfer,2.23
321,1063,2025-12-02 13:18:59,Completed,PayPal,2.38
322,362,2025-12-03 12:50:01,Shipped,Credit Card,0.0
323,848,2025-12-03 03:26:18,Completed,Apple Pay,12.48
324,1124,2025-12-03 04:57:32,Completed,Debit Card,0.0
325,739,2025-12-03 22:09:08,Completed,Debit Card,1.86
326,965,2025-12-04 04:20:18,Completed,Apple Pay,0.0
327,542,2025-12-05 03:11:45,Completed,Credit Card,5.7
328,370,2025-12-05 21:11:41,Completed,Apple Pay,0.0
329,25,2025-12-05 00:07:54,Processing,Credit Card,0.0
330,1193,2025-12-05 15:29:22,Completed,Debit Card,0.0
331,748,2025-12-05 16:41:01,Completed,Debit Card,0.0
332,1442,2025-12-06 12:30:59,Completed,Bank Transfer,0.0
333,661,2025-12-05 23:12:53,Completed,PayPal,0.0
334,497,2025-12-06 01:54:49,Completed,Debit Card,0.0
335,221,2025-12-06 14:26:22,Completed,Apple Pay,7.93
336,428,2025-12-06 02:42:03,Completed,PayPal,0.0
337,1492,2025-12-06 02:10:03,Completed,Apple Pay,0.0
338,133,2025-12-06 05:30:34,Completed,PayPal,0.0
339,810,2025-12-07 02:02:08,Completed,Debit Card,6.61
340,876,2025-12-07 00:51:50,Completed,Apple Pay,0.0
341,89,2025-12-08 18:53:40,Completed,Apple Pay,0.21
342,780,2025-12-07 23:40:20,Completed,Apple Pay,0.0
343,1441,2025-12-08 09:31:39,Completed,Debit Card,2.3
344,99,2025-12-08 10:36:15,Completed,Debit Card,10.35
345,815,2025-12-08 21:38:08,Completed,Credit Card,0.0
346,546,2025-12-09 04:05:37,Completed,Debit Card,8.91
347,1479,2025-12-09 15:03:05,Shipped,Credit Card,0.0
348,1333,2025-12-09 07:22:54,Completed,Apple Pay,11.23
349,621,2025-12-09 16:52:09,Completed,Apple Pay,6.35
350,682,2025-12-09 00:05:43,Cancelled,PayPal,14.25
351,168,2025-12-10 13:01:26,Completed,Apple Pay,0.0
352,207,2025-12-10 05:56:28,Completed,Bank Transfer,14.27
353,1482,2025-12-10 12:51:49,Completed,Bank Transfer,1.2
354,1422,2025-12-11 11:01:00,Completed,PayPal,3.24
355,1218,2025-12-11 13:06:50,Completed,Debit Card,12.37
356,930,2025-12-11 13:00:33,Completed,Bank Transfer,0.0
357,1069,2025-12-13 05:08:31,Completed,Credit Card,0.0
358,362,2025-12-13 14:34:09,Completed,Apple Pay,7.23
359,1242,2025-12-13 22:44:28,Completed,Bank Transfer,0.0
360,1463,2025-12-14 21:44:42,Completed,Credit Card,9.72
361,1083,2025-12-15 10:40:03,Completed,PayPal,0.0
362,1477,2025-12-15 07:15:26,Completed,Bank Transfer,10.93
363,1246,2025-12-15 19:23:31,Completed,Credit Card,0.0
364,907,2025-12-15 00:21:52,Completed,Apple Pay,11.04
365,797,2025-12-15 05:37:41,Completed,Debit Card,1.79
366,83,2025-12-15 01:08:55,Completed,Debit Card,0.0
367,1077,2025-12-16 01:22:58,Completed,PayPal,0.0
368,758,2025-12-16 04:25:30,Completed,Credit Card,0.0
369,848,2025-12-16 07:49:01,Completed,Credit Card,0.0
370,546,2025-12-17 14:55:03,Completed,Bank Transfer,9.12
371,512,2025-12-17 03:01:12,Completed,Credit Card,0.0
372,27,2025-12-17 02:56:24,Completed,Credit Card,0.45
373,511,2025-12-18 21:25:25,Completed,Credit Card,2.86
374,1472,2025-12-18 01:54:31,Cancelled,Debit Card,0.0
375,1475,2025-12-18 07:42:02,Completed,Apple Pay,0.0
376,626,2025-12-18 03:51:48,Completed,Debit Card,9.74
377,1055,2025-12-19 12:25:39,Completed,PayPal,0.0
378,1230,2025-12-19 22:22:28,Completed,Credit Card,0.0
379,989,2025-12-19 09:18:34,Completed,Debit Card,10.48
380,316,2025-12-19 19:41:30,Completed,Credit Card,0.0
381,707,2025-12-19 15:42:56,Completed,Debit Card,0.25
382,164,2025-12-20 19:13:33,Completed,Debit Card,2.03
383,525,2025-12-20 14:19:43,Completed,Apple Pay,9.91
384,1499,2025-12-21 12:17:22,Cancelled,Bank Transfer,0.0
385,1445,2025-12-20 22:49:48,Completed,PayPal,13.95
386,1327,2025-12-21 11:41:22,Completed,Apple Pay,0.0
387,15,2025-12-21 07:14:56,Completed,PayPal,12.67
388,253,2025-12-21 05:56:06,Completed,Apple Pay,13.76
389,1056,2025-12-21 12:10:22,Completed,Debit Card,0.0
390,1258,2025-12-21 02:06:09,Completed,Apple Pay,0.0
391,842,2025-12-21 08:58:25,Completed,Debit Card,0.0
392,1485,2025-12-22 16:55:01,Completed,Apple Pay,0.04
393,1068,2025-12-22 19:36:13,Shipped,Debit Card,0.0
394,1081,2025-12-22 13:48:04,Completed,Apple Pay,10.87
395,543,2025-12-23 05:44:04,Completed,Debit Card,0.0
396,70,2025-12-23 19:14:22,Completed,Debit Card,13.6
397,386,2025-12-23 04:36:30,Completed,Bank Transfer,0.0
398,1000,2025-12-23 07:11:43,Completed,PayPal,6.97
399,856,2025-12-23 16:54:43,Completed,Bank Transfer,0.96
400,266,2025-12-23 06:26:36,Completed,Credit Card,10.37
401,577,2025-12-23 19:36:32,Completed,Debit Card,0.0
402,1269,2025-12-23 12:52:05,Completed,PayPal,0.0
403,1081,2025-12-23 02:25:42,Completed,Credit Card,14.08
404,371,2025-12-23 04:44:42,Cancelled,Credit Card,0.0
405,1493,2025-12-24 02:26:16,Cancelled,Debit Card,0.0
406,1285,2025-12-24 18:38:55,Completed,Credit Card,0.0
407,577,2025-12-24 00:29:21,Completed,Credit Card,5.47
408,266,2025-12-24 07:08:59,Completed,Debit Card,1.19
409,1320,2025-12-25 03:14:51,Completed,PayPal,0.0
410,33,2025-12-25 00:51:38,Completed,Bank Transfer,0.0
411,944,2025-12-26 11:08:43,Completed,Apple Pay,7.31
412,743,2025-12-26 04:14:04,Completed,Bank Transfer,0.07
413,1338,2025-12-27 17:29:46,Completed,Bank Transfer,5.26
414,196,2025-12-27 00:47:59,Completed,Apple Pay,0.0
415,50,2025-12-27 11:54:07,Completed,Debit Card,8.3
416,954,2025-12-27 05:01:47,Completed,PayPal,0.0
417,1445,2025-12-27 07:20:11,Completed,Credit Card,0.0
418,1338,2025-12-28 20:43:06,Completed,Credit Card,0.0
419,1310,2025-12-29 07:39:00,Completed,PayPal,12.39
420,674,2025-12-29 11:59:52,Completed,Apple Pay,12.11
421,452,2025-12-28 22:24:07,Completed,Apple Pay,0.0
422,695,2025-12-29 01:53:52,Completed,Debit Card,4.62
423,62,2025-12-29 15:58:23,Completed,Debit Card,14.45
424,553,2025-12-29 23:00:50,Completed,Bank Transfer,3.88
425,1180,2025-12-30 10:11:15,Completed,Apple Pay,6.27
426,1035,2025-12-30 12:53:01,Returned,Credit Card,0.0
427,994,2025-12-30 04:56:39,Completed,Credit Card,0.0
428,1121,2025-12-30 06:06:37,Completed,Debit Card,3.26
429,417,2025-12-30 02:20:40,Completed,Bank Transfer,0.0
430,1265,2025-12-31 08:20:16,Completed,Credit Card,0.0
431,757,2025-12-31 21:22:44,Completed,Debit Card,10.5
432,989,2025-12-31 21:10:30,Completed,PayPal,0.0
433,1221,2026-01-01 09:15:57,Completed,Bank Transfer,0.0
434,212,2026-01-02 11:33:08,Completed,PayPal,0.0
435,564,2026-01-02 16:25:32,Cancelled,Credit Card,0.0
436,1418,2026-01-03 19:30:00,Completed,PayPal,1.22
437,4,2026-01-04 20:38:03,Returned,Bank Transfer,0.0
438,794,2026-01-04 23:33:25,Cancelled,Credit Card,12.9
439,433,2026-01-05 21:27:45,Completed,PayPal,0.0
440,1474,2026-01-05 02:34:03,Completed,Debit Card,0.0
441,321,2026-01-05 09:41:19,Completed,Debit Card,0.0
442,181,2026-01-05 02:12:34,Completed,Debit Card,9.59
443,1056,2026-01-05 19:21:15,Completed,Bank Transfer,0.0
444,362,2026-01-06 04:53:03,Completed,Bank Transfer,1.11
445,222,2026-01-06 17:54:59,Returned,Bank Transfer,0.0
446,329,2026-01-06 21:11:48,Completed,Credit Card,0.0
447,583,2026-01-07 12:06:47,Completed,Debit Card,6.24
448,877,2026-01-08 12:11:54,Completed,Apple Pay,0.0
449,946,2026-01-09 05:08:02,Completed,Apple Pay,8.24
450,143,2026-01-09 19:03:49,Completed,Debit Card,0.0
451,85,2026-01-09 22:19:26,Completed,Apple Pay,3.23
452,628,2026-01-10 21:33:42,Completed,Bank Transfer,0.0
453,1044,2026-01-10 01:19:02,Completed,Apple Pay,9.52
454,637,2026-01-10 12:43:23,Completed,Bank Transfer,14.71
455,437,2026-01-11 15:54:03,Completed,PayPal,12.47
456,1258,2026-01-11 17:59:53,Completed,Credit Card,0.0
457,294,2026-01-11 21:09:56,Completed,Bank Transfer,0.0
458,1477,2026-01-10 23:16:55,Completed,Bank Transfer,0.0
459,1459,2026-01-12 04:51:50,Completed,Apple Pay,0.0
460,1238,2026-01-12 14:54:01,Completed,Bank Transfer,0.0
461,413,2026-01-11 23:17:03,Completed,Bank Transfer,11.29
462,1173,2026-01-12 05:54:26,Processing,Debit Card,0.0
463,1032,2026-01-12 11:54:53,Completed,Bank Transfer,6.45
464,1431,2026-01-12 10:26:50,Completed,PayPal,0.0
465,1446,2026-01-12 03:15:46,Completed,Debit Card,0.0
466,1282,2026-01-12 01:10:11,Completed,Bank Transfer,0.0
467,1083,2026-01-13 06:22:21,Completed,PayPal,11.15
468,751,2026-01-13 22:58:24,Completed,PayPal,1.11
469,95,2026-01-16 10:29:16,Completed,Credit Card,0.0
470,378,2026-01-16 15:55:19,Completed,Credit Card,0.0
471,966,2026-01-16 01:15:18,Cancelled,Bank Transfer,3.1
472,739,2026-01-18 01:36:48,Completed,Debit Card,0.0
473,1018,2026-01-18 11:03:13,Completed,Debit Card,0.0
474,274,2026-01-18 12:03:14,Completed,Debit Card,0.0
475,929,2026-01-18 00:34:30,Completed,PayPal,13.22
476,238,2026-01-19 11:02:33,Shipped,Bank Transfer,0.0
477,934,2026-01-19 13:02:46,Processing,Apple Pay,13.21
478,713,2026-01-20 14:31:00,Completed,Bank Transfer,2.6
479,1236,2026-01-20 09:08:07,Completed,PayPal,0.0
480,859,2026-01-21 15:16:21,Completed,Bank Transfer,0.0
481,152,2026-01-20 23:08:06,Cancelled,PayPal,0.0
482,1144,2026-01-21 16:44:21,Completed,Credit Card,0.0
483,1344,2026-01-21 17:36:57,Completed,PayPal,11.64
484,756,2026-01-21 03:45:42,Completed,Apple Pay,0.0
485,1442,2026-01-22 10:19:04,Completed,Credit Card,4.78
486,1018,2026-01-23 04:56:58,Completed,Bank Transfer,10.08
487,620,2026-01-23 20:10:16,Completed,PayPal,8.07
488,780,2026-01-24 09:16:42,Completed,Debit Card,0.0
489,222,2026-01-24 00:34:00,Completed,Apple Pay,14.61
490,913,2026-01-25 09:28:54,Cancelled,Bank Transfer,11.5
491,492,2026-01-25 18:40:02,Completed,Bank Transfer,0.0
492,857,2026-01-25 05:26:57,Completed,Apple Pay,2.23
493,1320,2026-01-25 17:31:32,Completed,Credit Card,12.47
494,745,2026-01-25 15:13:37,Completed,Bank Transfer,0.0
495,830,2026-01-26 10:22:22,Completed,Apple Pay,0.0
496,825,2026-01-26 15:51:57,Cancelled,Apple Pay,0.0
497,639,2026-01-29 07:11:57,Completed,Credit Card,0.0
498,1127,2026-01-29 16:20:33,Completed,Debit Card,0.0
499,477,2026-01-28 22:55:12,Completed,Bank Transfer,0.93
500,423,2026-01-29 14:46:54,Completed,Debit Card,0.0
501,914,2026-01-30 07:15:11,Completed,Apple Pay,5.75
502,148,2026-01-31 11:57:33,Completed,Credit Card,5.63
503,1148,2026-01-31 19:01:40,Completed,Bank Transfer,0.0
504,953,2026-01-31 06:54:34,Completed,Credit Card,8.79
505,613,2026-01-31 04:24:42,Completed,Apple Pay,0.0
506,1133,2026-02-01 07:03:39,Shipped,Apple Pay,0.0
507,1137,2026-02-02 10:49:19,Completed,Credit Card,0.0
508,1224,2026-02-01 23:48:58,Completed,Bank Transfer,0.86
509,916,2026-02-03 13:10:46,Completed,Apple Pay,0.0
510,1318,2026-02-03 20:50:05,Completed,Debit Card,0.0
511,697,2026-02-04 20:41:28,Completed,Apple Pay,8.61
512,752,2026-02-05 07:41:36,Completed,Bank Transfer,13.35
513,26,2026-02-06 08:10:21,Completed,Apple Pay,1.54
514,1186,2026-02-06 02:12:38,Completed,Bank Transfer,0.0
515,219,2026-02-06 05:09:55,Completed,Bank Transfer,0.0
516,945,2026-02-07 03:01:33,Completed,Credit Card,0.31
517,1392,2026-02-07 05:10:08,Completed,Bank Transfer,0.0
518,1423,2026-02-08 16:51:48,Completed,Apple Pay,12.02
519,384,2026-02-08 07:29:45,Completed,PayPal,6.99
520,360,2026-02-08 03:31:58,Returned,Debit Card,0.0
521,1119,2026-02-09 09:11:18,Completed,Bank Transfer,2.01
522,172,2026-02-10 19:27:02,Completed,PayPal,8.39
523,215,2026-02-10 04:38:15,Completed,Credit Card,0.0
524,583,2026-02-11 02:40:55,Completed,Credit Card,14.45
525,434,2026-02-11 10:05:49,Completed,PayPal,0.0
526,321,2026-02-11 16:05:43,Completed,Bank Transfer,4.59
527,936,2026-02-12 14:50:40,Completed,Apple Pay,1.89
528,1406,2026-02-13 07:08:04,Completed,Bank Transfer,0.0
529,684,2026-02-13 05:09:25,Completed,Debit Card,0.0
530,179,2026-02-14 06:10:15,Completed,Bank Transfer,0.0
531,1341,2026-02-15 12:58:52,Completed,Apple Pay,12.56
532,32,2026-02-15 04:43:21,Completed,Apple Pay,7.99
533,1236,2026-02-15 15:05:45,Completed,PayPal,0.0
534,404,2026-02-15 15:19:16,Shipped,Bank Transfer,11.78
535,543,2026-02-15 06:11:14,Completed,Apple Pay,0.0
536,434,2026-02-16 01:22:36,Completed,Credit Card,0.0
537,894,2026-02-16 06:54:13,Completed,Debit Card,1.03
538,724,2026-02-18 21:42:48,Shipped,Credit Card,0.0
539,862,2026-02-18 00:57:21,Returned,Apple Pay,0.0
540,1030,2026-02-18 14:11:00,Completed,Bank Transfer,1.66
541,1246,2026-02-18 22:18:34,Completed,Credit Card,0.0
542,1389,2026-02-18 20:35:54,Completed,Apple Pay,0.0
543,828,2026-02-18 13:37:37,Completed,Credit Card,1.59
544,42,2026-02-19 03:44:30,Completed,PayPal,7.62
545,55,2026-02-19 11:29:40,Completed,Bank Transfer,12.94
546,1407,2026-02-20 05:55:16,Completed,Debit Card,6.14
547,1295,2026-02-20 21:58:04,Completed,Credit Card,0.0
548,593,2026-02-20 10:37:54,Completed,Credit Card,0.0
549,219,2026-02-21 04:21:43,Completed,Debit Card,0.0
550,193,2026-02-21 04:51:13,Completed,Debit Card,0.0
551,486,2026-02-22 18:44:27,Returned,Apple Pay,0.0
552,742,2026-02-23 21:06:07,Completed,Bank Transfer,0.0
553,77,2026-02-23 16:05:16,Completed,Bank Transfer,10.01
554,1196,2026-02-23 19:09:14,Completed,Credit Card,12.6
555,764,2026-02-24 05:26:23,Completed,Bank Transfer,4.61
556,997,2026-02-24 05:19:54,Completed,Debit Card,13.68
557,230,2026-02-24 07:19:51,Completed,Bank Transfer,6.04
558,14,2026-02-27 02:23:08,Completed,Credit Card,0.0
559,1030,2026-02-27 14:09:50,Completed,Apple Pay,5.12
560,531,2026-02-28 09:06:32,Completed,Credit Card,0.0
561,75,2026-02-28 15:03:11,Completed,Apple Pay,0.0
562,1060,2026-02-28 13:36:54,Completed,PayPal,3.1
563,844,2026-02-28 02:13:20,Completed,Credit Card,13.81
564,520,2026-02-28 02:00:43,Completed,Apple Pay,7.18
565,455,2026-03-01 02:44:03,Completed,Apple Pay,1.7
566,376,2026-02-28 23:15:57,Completed,Apple Pay,0.77
567,1226,2026-03-01 19:12:51,Completed,Apple Pay,7.43
568,1121,2026-03-02 17:56:34,Completed,Debit Card,14.77
569,83,2026-03-02 18:00:13,Cancelled,PayPal,5.44
570,1285,2026-03-02 21:59:22,Completed,PayPal,2.33
571,848,2026-03-02 01:29:19,Completed,Bank Transfer,0.0
572,551,2026-03-03 14:38:30,Completed,Apple Pay,9.85
573,1303,2026-03-03 10:24:37,Completed,Apple Pay,10.56
574,449,2026-03-03 01:32:08,Completed,Debit Card,0.0
575,1152,2026-03-03 04:34:26,Completed,PayPal,0.0
576,1230,2026-03-04 10:25:08,Completed,Debit Card,0.0
577,803,2026-03-04 17:06:19,Completed,Credit Card,0.0
578,241,2026-03-04 19:47:41,Completed,Bank Transfer,0.0
579,314,2026-03-06 02:08:21,Completed,PayPal,2.72
580,815,2026-03-06 13:33:07,Completed,Debit Card,2.73
581,357,2026-03-08 14:03:10,Completed,Debit Card,0.0
582,524,2026-03-08 10:29:30,Completed,Debit Card,0.0
583,1309,2026-03-08 09:28:06,Completed,Apple Pay,0.0
584,1094,2026-03-08 22:03:22,Completed,Credit Card,8.14
585,802,2026-03-09 21:41:25,Completed,Apple Pay,0.0
586,1154,2026-03-09 20:32:43,Shipped,Apple Pay,0.0
587,758,2026-03-10 08:20:55,Returned,Bank Transfer,0.0
588,79,2026-03-10 02:51:26,Completed,Apple Pay,0.0
589,1030,2026-03-11 19:40:48,Completed,Credit Card,10.98
590,748,2026-03-11 17:36:24,Completed,Credit Card,0.0
591,630,2026-03-12 04:44:35,Completed,Debit Card,0.0
592,693,2026-03-12 02:24:21,Completed,Debit Card,0.0
593,17,2026-03-13 03:12:05,Completed,Debit Card,0.93
594,1121,2026-03-13 02:21:23,Completed,Apple Pay,12.07
595,717,2026-03-15 04:34:38,Completed,PayPal,12.23
596,84,2026-03-15 10:13:42,Completed,PayPal,0.0
597,66,2026-03-15 12:26:16,Processing,PayPal,0.0
598,85,2026-03-15 10:40:41,Completed,Debit Card,12.08
599,544,2026-03-15 22:10:54,Completed,Apple Pay,0.0
600,1063,2026-03-15 23:28:25,Completed,PayPal,0.0
601,1120,2026-03-16 00:27:02,Completed,Debit Card,0.0
602,247,2026-03-16 08:28:31,Completed,Apple Pay,0.0
603,682,2026-03-18 01:27:26,Processing,Debit Card,0.0
604,565,2026-03-18 09:01:21,Cancelled,Debit Card,0.0
605,1117,2026-03-18 09:20:07,Completed,Credit Card,8.56
606,1261,2026-03-18 18:41:26,Returned,Apple Pay,0.0
607,994,2026-03-19 11:14:51,Completed,Credit Card,0.0
608,1240,2026-03-19 09:58:26,Completed,Bank Transfer,6.09
609,275,2026-03-19 05:14:32,Completed,Credit Card,7.72
610,478,2026-03-19 23:21:43,Completed,Apple Pay,0.0
611,616,2026-03-20 16:37:59,Completed,PayPal,0.0
612,1428,2026-03-20 15:51:56,Completed,Bank Transfer,0.0
613,873,2026-03-21 06:43:16,Completed,Bank Transfer,8.58
614,1477,2026-03-21 17:04:10,Completed,PayPal,0.0
615,434,2026-03-22 17:30:30,Completed,Debit Card,0.0
616,444,2026-03-23 12:24:30,Completed,Apple Pay,0.0
617,412,2026-03-23 16:19:24,Completed,Debit Card,0.0
618,263,2026-03-23 10:47:28,Completed,Credit Card,6.03
619,671,2026-03-23 22:56:04,Completed,Debit Card,0.0
620,1299,2026-03-23 23:32:44,Returned,Bank Transfer,0.0
621,1281,2026-03-24 00:26:20,Completed,Debit Card,5.86
622,1257,2026-03-25 04:55:30,Cancelled,Credit Card,10.19
623,1269,2026-03-26 18:31:25,Completed,Bank Transfer,10.21
624,1165,2026-03-27 02:13:04,Completed,Bank Transfer,8.43
625,907,2026-03-27 17:23:03,Completed,Credit Card,9.98
626,1042,2026-03-27 00:13:28,Completed,Debit Card,0.0
627,294,2026-03-28 13:29:38,Completed,Debit Card,1.84
628,842,2026-03-28 02:11:09,Completed,Credit Card,0.0
629,185,2026-03-28 02:08:25,Completed,Debit Card,0.0
630,1124,2026-03-29 18:14:30,Completed,Bank Transfer,0.0
631,885,2026-03-30 08:04:16,Completed,Bank Transfer,3.7
632,460,2026-03-30 02:45:50,Completed,Credit Card,0.0
633,896,2026-03-30 17:31:42,Completed,Apple Pay,0.0
634,852,2026-03-30 13:30:27,Completed,Credit Card,1.7
635,1206,2026-03-30 20:53:58,Completed,Bank Transfer,4.66
636,450,2026-03-30 11:08:36,Completed,Apple Pay,7.66
637,341,2026-03-30 01:57:48,Completed,PayPal,0.0
638,929,2026-04-01 14:26:26,Completed,Bank Transfer,13.14
639,811,2026-04-01 01:37:55,Completed,Debit Card,0.0
640,1192,2026-04-01 10:35:31,Completed,Debit Card,0.0
641,1223,2026-04-02 17:07:39,Completed,Apple Pay,0.0
642,1402,2026-04-02 00:49:16,Completed,Debit Card,0.0
643,430,2026-04-03 12:07:56,Completed,Bank Transfer,0.0
644,541,2026-04-03 18:46:10,Completed,Debit Card,14.32
645,267,2026-04-03 07:31:30,Completed,Apple Pay,0.0
646,1022,2026-04-04 06:26:54,Completed,PayPal,7.56
647,80,2026-04-04 21:23:58,Completed,Apple Pay,0.0
648,311,2026-04-04 09:18:04,Completed,Credit Card,0.0
649,825,2026-04-04 16:41:16,Completed,PayPal,0.0
650,1428,2026-04-05 15:09:35,Completed,Debit Card,14.23
651,836,2026-04-05 09:15:31,Completed,Debit Card,0.0
652,106,2026-04-04 23:25:22,Completed,Bank Transfer,14.53
653,352,2026-04-05 09:14:37,Completed,Apple Pay,0.0
654,784,2026-04-05 09:02:43,Completed,Apple Pay,0.0
655,1180,2026-04-06 06:52:24,Completed,Bank Transfer,0.0
656,1102,2026-04-06 02:37:02,Completed,PayPal,0.0
657,270,2026-04-06 04:14:37,Completed,PayPal,0.0
658,46,2026-04-06 07:53:39,Completed,Apple Pay,0.0
659,460,2026-04-06 23:31:59,Completed,Debit Card,0.0
660,850,2026-04-07 19:41:11,Shipped,PayPal,0.0
661,460,2026-04-07 07:31:21,Completed,Credit Card,7.3
662,244,2026-04-07 16:32:53,Shipped,Credit Card,0.0
663,1474,2026-04-07 12:25:58,Completed,PayPal,0.0
664,477,2026-04-07 08:44:21,Completed,Apple Pay,9.61
665,1156,2026-04-08 16:18:08,Completed,PayPal,0.0
666,522,2026-04-08 14:48:09,Completed,Bank Transfer,0.0
667,1446,2026-04-08 14:40:32,Completed,Apple Pay,0.0
668,360,2026-04-09 14:58:09,Completed,PayPal,12.7
669,582,2026-04-09 00:57:49,Completed,Debit Card,7.29
670,1061,2026-04-09 17:41:36,Completed,PayPal,9.02
671,1239,2026-04-10 04:52:41,Completed,Bank Transfer,6.19
672,1392,2026-04-10 11:24:30,Completed,Apple Pay,12.1
673,1393,2026-04-10 09:37:36,Completed,Apple Pay,1.49
674,841,2026-04-11 17:18:04,Completed,Bank Transfer,13.8
675,38,2026-04-11 16:24:41,Completed,PayPal,13.39
676,1476,2026-04-11 16:26:12,Completed,PayPal,13.66
677,516,2026-04-11 15:53:01,Cancelled,Credit Card,0.0
678,1318,2026-04-11 18:07:43,Completed,Apple Pay,0.0
679,664,2026-04-12 19:58:02,Completed,Debit Card,8.26
680,533,2026-04-12 16:00:04,Completed,Apple Pay,0.0
681,807,2026-04-12 01:20:29,Completed,PayPal,6.94
682,266,2026-04-13 12:08:06,Completed,Debit Card,0.01
683,1426,2026-04-14 14:58:23,Completed,Credit Card,0.58
684,399,2026-04-14 13:55:08,Returned,PayPal,5.63
685,1238,2026-04-14 18:03:37,Completed,Credit Card,0.79
686,280,2026-04-14 12:28:13,Returned,Bank Transfer,0.0
687,1147,2026-04-14 19:05:22,Shipped,PayPal,7.25
688,276,2026-04-15 22:00:52,Completed,Debit Card,3.97
689,1068,2026-04-15 22:43:25,Completed,Bank Transfer,0.0
690,126,2026-04-16 08:07:34,Completed,Debit Card,0.0
691,872,2026-04-17 22:14:36,Completed,Bank Transfer,0.0
692,38,2026-04-18 03:47:39,Completed,Apple Pay,0.0
693,387,2026-04-18 10:23:12,Completed,Debit Card,4.61
694,454,2026-04-18 21:41:58,Completed,Credit Card,9.27
695,893,2026-04-17 22:54:13,Completed,Apple Pay,14.1
696,389,2026-04-19 03:04:52,Completed,PayPal,0.56
697,1399,2026-04-19 16:58:11,Completed,PayPal,2.75
698,1458,2026-04-19 20:40:37,Completed,Debit Card,10.25
699,1160,2026-04-18 23:07:18,Cancelled,PayPal,0.0
700,1226,2026-04-19 06:33:24,Completed,Apple Pay,0.0
701,1220,2026-04-19 18:00:17,Completed,Bank Transfer,0.0
702,1409,2026-04-19 08:21:43,Completed,Credit Card,6.77
703,737,2026-04-20 19:38:16,Completed,Debit Card,0.0
704,475,2026-04-20 05:05:12,Completed,Debit Card,12.15
705,735,2026-04-20 19:02:11,Completed,PayPal,3.84
706,465,2026-04-20 02:20:41,Processing,Bank Transfer,4.85
707,1175,2026-04-20 21:35:29,Completed,Credit Card,0.0
708,314,2026-04-21 02:30:04,Completed,Debit Card,3.22
709,1418,2026-04-21 00:34:02,Completed,Debit Card,3.17
710,1429,2026-04-20 23:40:05,Completed,Bank Transfer,0.0
711,288,2026-04-23 10:39:37,Completed,Apple Pay,9.46
712,847,2026-04-23 16:51:24,Completed,Apple Pay,0.0
713,701,2026-04-24 14:28:05,Completed,Debit Card,0.0
714,532,2026-04-24 09:11:04,Completed,Credit Card,8.39
715,772,2026-04-24 04:25:06,Completed,Bank Transfer,0.0
716,1212,2026-04-24 03:19:31,Completed,Bank Transfer,0.0
717,808,2026-04-24 21:08:41,Completed,Bank Transfer,12.09
718,1298,2026-04-25 00:24:59,Completed,PayPal,0.0
719,944,2026-04-25 20:24:17,Completed,Apple Pay,1.98
720,810,2026-04-25 21:46:19,Completed,Apple Pay,14.24
721,970,2026-04-25 12:15:00,Completed,Credit Card,2.06
722,511,2026-04-25 03:27:34,Completed,Credit Card,0.0
723,1161,2026-04-25 05:37:15,Completed,PayPal,0.17
724,1443,2026-04-27 19:38:58,Completed,Debit Card,2.97
725,1427,2026-04-27 04:15:47,Completed,Apple Pay,4.97
726,1404,2026-04-26 22:48:08,Completed,Credit Card,0.0
727,327,2026-04-28 05:57:44,Completed,Apple Pay,3.18
728,697,2026-04-29 15:21:25,Completed,Debit Card,11.89
729,203,2026-04-29 13:34:50,Completed,PayPal,0.0
730,1433,2026-04-30 10:43:49,Completed,Credit Card,1.65
731,554,2026-04-30 16:19:06,Completed,Debit Card,0.0
732,986,2026-04-30 12:39:16,Completed,Bank Transfer,0.0
733,896,2026-04-30 10:58:18,Completed,PayPal,0.0
734,630,2026-04-30 09:46:06,Completed,Debit Card,0.0
735,266,2026-05-02 19:15:15,Completed,Debit Card,0.0
736,152,2026-05-02 16:03:58,Returned,Debit Card,1.73
737,953,2026-05-02 05:01:21,Completed,Apple Pay,10.72
738,118,2026-05-02 07:41:49,Completed,Bank Transfer,0.0
739,617,2026-05-02 15:50:28,Completed,Credit Card,9.88
740,214,2026-05-02 06:30:19,Completed,Credit Card,6.62
741,1399,2026-05-04 07:58:07,Completed,Credit Card,2.4
742,699,2026-05-04 03:18:26,Completed,PayPal,0.0
743,894,2026-05-04 19:57:07,Completed,Bank Transfer,0.0
744,850,2026-05-05 13:00:14,Completed,Debit Card,10.04
745,923,2026-05-05 16:50:36,Shipped,Bank Transfer,0.0
746,1018,2026-05-08 09:11:44,Cancelled,Credit Card,2.02
747,1245,2026-05-08 16:20:57,Completed,Credit Card,0.0
748,28,2026-05-09 03:10:07,Completed,Debit Card,14.39
749,532,2026-05-09 12:39:06,Completed,PayPal,0.0
750,791,2026-05-09 03:10:17,Completed,PayPal,0.0
751,924,2026-05-09 10:28:13,Completed,Debit Card,14.78
752,464,2026-05-10 21:04:15,Completed,Apple Pay,8.56
753,9,2026-05-10 02:03:36,Completed,Debit Card,0.0
754,154,2026-05-10 20:12:56,Completed,Credit Card,14.61
755,612,2026-05-11 19:39:40,Shipped,PayPal,0.0
756,1052,2026-05-11 11:16:14,Completed,Debit Card,4.62
757,452,2026-05-11 12:55:15,Completed,Apple Pay,0.22
758,425,2026-05-11 12:32:19,Completed,PayPal,8.42
759,1483,2026-05-11 20:03:23,Completed,Apple Pay,12.68
760,542,2026-05-12 16:29:44,Completed,Credit Card,0.0
761,1305,2026-05-12 18:33:45,Completed,Bank Transfer,1.8
762,65,2026-05-12 15:30:23,Completed,Credit Card,1.14
763,134,2026-05-13 09:47:06,Completed,Credit Card,0.0
764,1043,2026-05-14 00:58:47,Completed,Debit Card,0.0
765,442,2026-05-14 09:59:22,Shipped,Credit Card,0.0
766,99,2026-05-15 09:43:49,Completed,Bank Transfer,0.0
767,172,2026-05-15 19:27:30,Completed,PayPal,14.74
768,1326,2026-05-16 14:33:03,Completed,Debit Card,13.71
769,556,2026-05-16 17:13:39,Completed,Apple Pay,11.38
770,677,2026-05-16 17:18:21,Completed,Bank Transfer,8.08
771,1431,2026-05-16 08:16:54,Completed,PayPal,0.0
772,336,2026-05-17 11:17:24,Completed,Apple Pay,0.57
773,553,2026-05-17 10:44:30,Completed,Credit Card,0.0
774,343,2026-05-17 09:23:05,Completed,Debit Card,1.34
775,704,2026-05-16 23:49:25,Completed,Debit Card,0.0
776,452,2026-05-16 22:36:26,Completed,Debit Card,4.5
777,1011,2026-05-17 23:48:12,Completed,Credit Card,2.35
778,1250,2026-05-18 21:47:46,Completed,Apple Pay,0.0
779,1203,2026-05-18 12:50:20,Completed,Bank Transfer,0.0
780,451,2026-05-17 23:54:41,Completed,Debit Card,10.59
781,947,2026-05-18 16:14:53,Completed,Debit Card,0.0
782,1424,2026-05-18 04:05:00,Completed,PayPal,1.92
783,1177,2026-05-19 04:38:00,Completed,Apple Pay,0.0
784,172,2026-05-20 22:24:00,Completed,Bank Transfer,3.34
785,607,2026-05-19 23:08:09,Completed,Bank Transfer,0.0
786,674,2026-05-20 20:22:15,Completed,Credit Card,8.25
787,637,2026-05-21 03:05:25,Completed,Debit Card,14.78
788,101,2026-05-23 07:23:23,Completed,PayPal,0.0
789,485,2026-05-23 10:44:15,Completed,PayPal,12.9
790,9,2026-05-24 15:02:44,Completed,Bank Transfer,10.05
791,10,2026-05-24 17:41:48,Completed,PayPal,0.0
792,934,2026-05-25 20:50:26,Returned,PayPal,0.0
793,1480,2026-05-25 09:26:25,Completed,Bank Transfer,2.68
794,1126,2026-05-25 14:09:15,Completed,Apple Pay,0.0
795,860,2026-05-25 07:53:08,Completed,Debit Card,0.0
796,1328,2026-05-25 03:23:48,Completed,Bank Transfer,5.35
797,86,2026-05-24 22:57:53,Completed,Credit Card,0.0
798,746,2026-05-24 23:23:43,Completed,Apple Pay,0.0
799,261,2026-05-25 21:44:44,Completed,Apple Pay,6.27
800,860,2026-05-26 10:33:26,Completed,Apple Pay,1.4
801,1097,2026-05-26 09:25:14,Completed,Apple Pay,0.0
802,474,2026-05-26 05:33:38,Completed,Debit Card,5.8
803,58,2026-05-27 10:55:42,Completed,Credit Card,4.96
804,35,2026-05-26 22:39:52,Completed,Apple Pay,0.0
805,1388,2026-05-27 20:34:05,Completed,PayPal,0.0
806,85,2026-05-27 00:08:20,Completed,Apple Pay,0.64
807,316,2026-05-28 16:03:50,Shipped,Apple Pay,10.72
808,40,2026-05-28 07:30:18,Completed,Apple Pay,0.0
809,739,2026-05-28 00:50:02,Processing,Credit Card,0.0
810,1423,2026-05-30 13:37:21,Completed,PayPal,0.0
811,347,2026-05-30 05:06:28,Completed,Credit Card,12.44
812,129,2026-05-30 08:21:04,Completed,Apple Pay,0.0
813,930,2026-05-31 02:25:37,Completed,Apple Pay,0.0
814,683,2026-05-31 15:43:12,Completed,Credit Card,0.0
815,667,2026-05-31 11:15:54,Completed,PayPal,7.28
816,856,2026-05-31 15:00:12,Completed,PayPal,7.0
817,543,2026-06-01 18:16:26,Cancelled,Bank Transfer,0.0
818,260,2026-06-01 06:58:53,Completed,Apple Pay,0.72
819,772,2026-06-02 16:57:07,Completed,Debit Card,0.0
820,459,2026-06-02 21:37:16,Completed,Credit Card,10.43
821,1013,2026-06-02 11:39:17,Completed,PayPal,0.0
822,838,2026-06-02 10:33:56,Completed,Credit Card,12.51
823,994,2026-06-02 18:47:57,Completed,Credit Card,7.47
824,54,2026-06-02 13:47:16,Completed,Credit Card,0.0
825,197,2026-06-02 12:21:31,Completed,PayPal,0.0
826,190,2026-06-03 06:31:25,Completed,Apple Pay,10.24
827,881,2026-06-04 20:56:08,Completed,PayPal,0.0
828,613,2026-06-04 17:42:28,Completed,Apple Pay,7.81
829,1225,2026-06-04 08:32:23,Cancelled,Bank Transfer,4.13
830,488,2026-06-04 13:15:13,Completed,Apple Pay,13.58
831,520,2026-06-05 10:01:09,Completed,PayPal,8.39
832,48,2026-06-05 22:47:27,Processing,PayPal,7.15
833,55,2026-06-06 08:54:46,Completed,Bank Transfer,0.0
834,1003,2026-06-06 02:22:38,Completed,Bank Transfer,1.73
835,743,2026-06-07 04:30:56,Completed,Credit Card,0.0
836,293,2026-06-07 11:55:16,Completed,Debit Card,0.0
837,1169,2026-06-07 00:07:01,Returned,PayPal,0.0
838,585,2026-06-07 08:30:12,Returned,Credit Card,8.24
839,261,2026-06-07 14:04:59,Completed,Credit Card,0.0
840,656,2026-06-07 02:49:08,Completed,Credit Card,0.0
841,277,2026-06-07 03:20:05,Processing,PayPal,5.27
842,564,2026-06-08 14:51:45,Completed,Apple Pay,0.0
843,509,2026-06-08 06:53:34,Completed,Bank Transfer,8.81
844,480,2026-06-08 21:21:41,Completed,Apple Pay,0.0
845,614,2026-06-08 12:22:32,Completed,Debit Card,12.32
846,189,2026-06-09 19:36:11,Completed,Bank Transfer,4.97
847,208,2026-06-09 02:19:14,Completed,Debit Card,9.2
848,130,2026-06-09 21:52:13,Completed,Bank Transfer,13.76
849,1462,2026-06-10 18:57:34,Shipped,Bank Transfer,0.0
850,1172,2026-06-09 22:42:02,Completed,Bank Transfer,0.0
851,941,2026-06-10 05:31:00,Completed,Apple Pay,3.75
852,671,2026-06-11 06:58:22,Completed,PayPal,0.61
853,12,2026-06-11 20:58:54,Completed,Debit Card,0.0
854,897,2026-06-12 11:32:03,Completed,Apple Pay,6.79
855,1401,2026-06-12 09:56:50,Completed,Apple Pay,3.97
856,682,2026-06-12 06:37:20,Processing,Debit Card,0.0
857,1437,2026-06-12 13:35:12,Completed,PayPal,14.99
858,1467,2026-06-12 15:39:45,Completed,Credit Card,4.3
859,1050,2026-06-12 07:50:32,Completed,Credit Card,0.0
860,382,2026-06-13 05:57:13,Processing,PayPal,0.0
861,1498,2026-06-14 04:57:07,Completed,Apple Pay,7.78
862,1393,2026-06-17 05:26:21,Completed,PayPal,0.0
863,963,2026-06-17 21:13:31,Completed,Bank Transfer,5.89
864,1227,2026-06-17 13:48:10,Completed,Bank Transfer,4.62
865,1196,2026-06-18 20:54:39,Completed,Debit Card,0.0
866,1183,2026-06-17 23:37:06,Completed,Debit Card,0.0
867,1029,2026-06-18 10:07:22,Completed,PayPal,0.0
868,1337,2026-06-19 03:37:22,Completed,Credit Card,5.32
869,763,2026-06-20 17:55:45,Completed,Debit Card,0.0
870,1432,2026-06-20 22:31:37,Cancelled,Debit Card,0.0
871,458,2026-06-21 06:13:35,Shipped,PayPal,8.29
872,650,2026-06-21 23:02:31,Completed,Apple Pay,0.0
873,295,2026-06-22 12:24:36,Completed,PayPal,0.0
874,623,2026-06-22 05:09:23,Completed,Bank Transfer,0.0
875,1261,2026-06-22 17:59:54,Completed,PayPal,0.0
876,1424,2026-06-22 23:15:51,Completed,Apple Pay,0.72
877,572,2026-06-23 03:44:12,Shipped,Bank Transfer,11.01
878,326,2026-06-23 03:33:21,Returned,Apple Pay,0.0
879,1217,2026-06-23 14:58:59,Completed,PayPal,0.0
880,145,2026-06-23 17:54:54,Completed,Apple Pay,12.33
881,667,2026-06-23 21:48:11,Completed,Credit Card,0.0
882,680,2026-06-24 15:45:53,Completed,Bank Transfer,11.94
883,191,2026-06-24 05:08:15,Completed,PayPal,2.66
884,30,2026-06-24 21:41:12,Completed,Apple Pay,0.0
