user_id,signup_date,first_name,last_name,gender,age,state,acquisition_channel
1,2026-02-16 15:22:41,Barbara,Ramirez,Male,40,NC,Organic Search
2,2026-05-13 18:11:41,Sandra,Gonzalez,Female,23,MO,Social Media
3,2025-07-30 23:57:41,Margaret,Lopez,Male,54,OH,Direct
4,2025-08-16 10:32:41,Linda,Harris,Female,36,TX,Paid Search
5,2025-12-24 04:57:41,Joseph,Lee,Male,41,PA,Social Media
6,2026-05-17 03:49:41,William,Thompson,Female,61,TX,Referral
7,2025-11-11 18:59:41,Lisa,Davis,Male,28,MA,Email Marketing
8,2025-10-21 00:06:41,Sarah,Davis,Female,61,WA,Organic Search
9,2026-04-12 20:35:41,David,Gonzalez,Male,35,TX,Paid Search
10,2026-02-15 02:31:41,Michael,Lee,Female,49,CO,Direct
11,2025-11-07 21:52:41,Robert,Davis,Male,65,MO,Referral
12,2025-10-16 02:47:41,Susan,Lewis,Female,55,CO,Social Media
13,2025-09-12 18:25:41,Jessica,Williams,Male,66,NY,Organic Search
14,2026-01-07 17:44:41,Betty,Perez,Female,45,TX,Email Marketing
15,2025-08-23 20:11:41,Thomas,Rodriguez,Male,53,CA,Direct
16,2025-11-23 11:25:41,Sarah,Harris,Female,35,WA,Organic Search
17,2025-09-25 15:13:41,Joseph,Smith,Male,64,NC,Referral
18,2026-03-12 17:27:41,Patricia,Ramirez,Female,58,MI,Direct
19,2026-03-23 22:53:41,Robert,Lopez,Male,66,PA,Referral
20,2025-11-30 05:18:41,David,Thomas,Female,19,FL,Social Media
21,2026-03-01 01:03:41,Linda,Lewis,Male,54,TX,Organic Search
22,2026-02-24 15:25:41,Sarah,Harris,Female,26,IL,Direct
23,2026-03-29 21:59:41,William,Taylor,Male,56,VA,Paid Search
24,2026-05-24 09:43:41,Michael,Thompson,Female,37,CO,Direct
25,2025-10-19 00:36:41,Mark,Taylor,Male,46,FL,Paid Search
26,2025-10-15 22:19:41,James,Jackson,Female,53,GA,Referral
27,2025-07-12 08:19:41,Daniel,Lee,Male,21,GA,Organic Search
28,2026-03-29 03:01:41,Thomas,Davis,Female,35,TN,Paid Search
29,2026-02-23 11:27:41,Sandra,Lewis,Male,54,TN,Paid Search
30,2026-01-28 11:44:41,Patricia,Brown,Female,60,VA,Social Media
31,2026-01-18 21:36:41,Margaret,White,Male,21,FL,Organic Search
32,2025-10-01 15:43:41,Betty,Ramirez,Female,24,GA,Paid Search
33,2025-10-31 00:43:41,Robert,Wilson,Male,29,NC,Email Marketing
34,2026-05-25 16:08:41,Betty,Ramirez,Female,53,FL,Organic Search
35,2026-01-20 13:45:41,James,Williams,Male,66,GA,Paid Search
36,2026-01-05 22:39:41,Michael,Ramirez,Female,43,NY,Paid Search
37,2026-01-28 21:01:41,William,Robinson,Male,68,MA,Social Media
38,2025-10-01 07:28:41,Betty,Moore,Female,60,TN,Paid Search
39,2025-12-02 23:18:41,Mary,Jackson,Male,65,MO,Organic Search
40,2025-07-25 14:20:41,Charles,Thomas,Female,50,IN,Paid Search
41,2025-10-24 10:22:41,Margaret,Garcia,Male,22,TX,Direct
42,2025-08-06 11:57:41,Mark,Jackson,Female,33,NY,Referral
43,2025-10-08 20:00:41,Charles,Jackson,Male,51,WA,Social Media
44,2026-06-04 18:34:41,David,Davis,Female,34,CO,Paid Search
45,2026-02-15 17:51:41,Joseph,Hernandez,Male,66,TX,Organic Search
46,2025-11-08 03:14:41,Patricia,Williams,Female,52,OH,Referral
47,2025-11-18 03:43:41,Barbara,Lewis,Male,22,GA,Social Media
48,2026-05-26 14:15:41,Anthony,Moore,Female,63,MI,Referral
49,2025-08-18 02:31:41,Nancy,Clark,Male,53,MI,Direct
50,2025-11-12 07:53:41,Patricia,Lewis,Female,24,MO,Paid Search
51,2026-05-16 06:47:41,Michael,Thompson,Male,39,OH,Direct
52,2026-01-28 06:17:41,Jessica,Rodriguez,Female,21,TX,Direct
53,2025-11-07 04:02:41,James,Hernandez,Male,67,IL,Direct
54,2025-06-30 01:19:41,Joseph,Moore,Female,63,VA,Referral
55,2026-01-01 16:50:41,Mark,Thompson,Male,27,MO,Organic Search
56,2025-12-29 00:12:41,Robert,Wilson,Female,26,NY,Social Media
57,2025-08-17 10:04:41,Barbara,Miller,Male,61,GA,Direct
58,2025-09-17 04:11:41,Sarah,Lewis,Female,44,IL,Paid Search
59,2026-06-03 22:06:41,Susan,Smith,Male,29,WA,Email Marketing
60,2025-07-15 13:29:41,Linda,Rodriguez,Female,28,FL,Email Marketing
61,2025-10-20 05:16:41,Michael,Clark,Male,47,AZ,Social Media
62,2025-07-31 06:37:41,Nancy,Miller,Female,43,WA,Social Media
63,2025-07-10 02:11:41,Christopher,Taylor,Male,43,MO,Social Media
64,2025-08-20 17:42:41,William,Garcia,Female,55,NC,Organic Search
65,2026-05-02 14:22:41,Barbara,White,Male,68,WA,Email Marketing
66,2025-07-18 20:42:41,Richard,Lewis,Female,54,OH,Social Media
67,2026-06-04 04:38:41,James,Taylor,Male,69,MO,Direct
68,2025-12-03 20:09:41,Susan,Williams,Female,60,WA,Referral
69,2026-06-02 11:35:41,Patricia,White,Male,37,IN,Social Media
70,2025-10-02 11:57:41,Richard,Thompson,Female,36,MO,Paid Search
71,2026-04-13 07:40:41,Richard,Perez,Male,65,PA,Referral
72,2025-10-11 12:05:41,Sarah,Clark,Female,18,MI,Social Media
73,2026-02-07 12:58:41,Charles,Martin,Male,59,WA,Email Marketing
74,2025-08-08 07:47:41,Michael,Taylor,Female,48,PA,Direct
75,2025-10-24 19:34:41,Nancy,Lee,Male,57,WA,Organic Search
76,2025-07-19 05:45:41,Linda,Sanchez,Female,30,IL,Organic Search
77,2026-01-24 18:51:41,Karen,Ramirez,Male,67,TX,Email Marketing
78,2026-01-16 05:24:41,Michael,Thompson,Female,62,CO,Email Marketing
79,2025-10-16 04:06:41,Christopher,Thompson,Male,18,FL,Email Marketing
80,2025-10-31 01:44:41,Daniel,Taylor,Female,47,NY,Referral
81,2026-04-26 09:03:41,Robert,Sanchez,Male,47,IN,Referral
82,2026-04-02 13:12:41,Mark,Anderson,Female,57,IN,Email Marketing
83,2025-10-30 18:32:41,Jennifer,White,Male,48,MA,Social Media
84,2025-10-26 06:43:41,Matthew,Harris,Female,51,TN,Direct
85,2025-12-14 09:12:41,John,Thompson,Male,36,GA,Social Media
86,2026-01-08 20:24:41,Sarah,Williams,Female,26,IL,Paid Search
87,2025-12-12 15:44:41,Daniel,Miller,Male,22,VA,Email Marketing
88,2026-04-21 20:16:41,Susan,Johnson,Female,31,VA,Email Marketing
89,2025-06-29 09:34:41,Margaret,Lewis,Male,66,CO,Email Marketing
90,2026-04-01 18:12:41,Matthew,Gonzalez,Female,44,MO,Direct
91,2026-02-28 22:39:41,Linda,Thomas,Male,32,NC,Email Marketing
92,2025-09-18 13:13:41,David,Perez,Female,61,CO,Direct
93,2026-04-25 16:57:41,Robert,Martin,Male,52,CA,Email Marketing
94,2026-02-17 03:18:41,James,Williams,Female,59,VA,Paid Search
95,2025-12-10 09:03:41,William,Gonzalez,Male,38,OH,Email Marketing
96,2025-08-06 13:16:41,Mark,Gonzalez,Female,35,VA,Social Media
97,2026-05-24 01:04:41,Lisa,Moore,Male,21,AZ,Paid Search
98,2025-10-05 22:54:41,Christopher,Johnson,Female,66,CA,Paid Search
99,2025-08-23 16:28:41,Robert,Davis,Male,26,TN,Direct
100,2026-05-02 18:02:41,Joseph,Thompson,Female,34,AZ,Paid Search
101,2025-08-20 16:16:41,Daniel,Brown,Male,67,PA,Social Media
102,2025-10-05 00:52:41,Sandra,Martinez,Female,54,CO,Email Marketing
103,2026-06-17 08:09:41,Daniel,Clark,Male,58,GA,Organic Search
104,2025-07-17 09:49:41,Nancy,Martin,Female,69,FL,Referral
105,2026-05-23 08:15:41,Susan,Perez,Male,41,TX,Referral
106,2026-02-02 09:55:41,Margaret,Wilson,Female,70,TN,Organic Search
107,2025-09-24 21:48:41,Mark,Clark,Male,47,IL,Email Marketing
108,2026-02-19 12:07:41,Christopher,Rodriguez,Female,57,MO,Email Marketing
109,2025-08-09 07:11:41,Lisa,Jackson,Male,35,WA,Paid Search
110,2026-05-04 19:39:41,Joseph,Davis,Female,66,MA,Referral
111,2026-03-02 04:37:41,David,Smith,Male,49,WA,Paid Search
112,2026-06-20 06:50:41,Betty,Rodriguez,Female,39,NC,Referral
113,2026-01-20 13:50:41,James,Taylor,Male,30,TX,Paid Search
114,2026-03-04 13:05:41,Matthew,Davis,Female,62,TN,Direct
115,2026-06-15 05:34:41,James,Williams,Male,36,GA,Email Marketing
116,2026-03-24 09:42:41,Nancy,Jackson,Female,41,TN,Referral
117,2026-02-13 06:34:41,Lisa,Moore,Male,39,AZ,Direct
118,2025-08-26 21:49:41,William,Davis,Female,25,OH,Social Media
119,2026-02-28 07:01:41,Matthew,Thompson,Male,29,OH,Paid Search
120,2025-10-03 07:29:41,Charles,Harris,Female,51,MI,Organic Search
121,2026-03-26 02:32:41,Barbara,Garcia,Male,37,CA,Direct
122,2025-08-29 19:10:41,Mary,Johnson,Female,53,MI,Direct
123,2025-11-18 13:45:41,Matthew,Thomas,Male,24,CA,Referral
124,2026-02-25 02:07:41,Joseph,Hernandez,Female,29,NY,Social Media
125,2026-05-14 19:18:41,John,Gonzalez,Male,49,TX,Referral
126,2025-10-31 01:50:41,Robert,Jones,Female,69,MI,Organic Search
127,2026-01-06 13:13:41,Matthew,Wilson,Male,56,GA,Referral
128,2026-04-13 17:18:41,Joseph,Martinez,Female,55,VA,Social Media
129,2025-10-12 06:57:41,Karen,White,Male,24,OH,Direct
130,2025-08-03 03:15:41,John,Garcia,Female,33,PA,Referral
131,2025-07-12 05:33:41,Susan,Anderson,Male,62,TN,Social Media
132,2026-06-12 06:14:41,Daniel,Martinez,Female,62,MA,Organic Search
133,2025-08-23 15:29:41,William,Sanchez,Male,68,OH,Email Marketing
134,2025-07-26 04:05:41,Christopher,Jones,Female,35,IL,Organic Search
135,2025-08-28 12:59:41,Elizabeth,Martin,Male,65,MI,Email Marketing
136,2026-03-29 13:43:41,Elizabeth,Thompson,Female,43,NC,Referral
137,2025-12-08 17:31:41,John,Martin,Male,20,VA,Direct
138,2025-11-10 16:17:41,James,Williams,Female,32,CA,Direct
139,2026-05-25 13:13:41,Matthew,Harris,Male,29,TN,Referral
140,2026-03-04 00:45:41,William,Garcia,Female,55,VA,Direct
141,2025-08-18 03:36:41,Barbara,Wilson,Male,39,WA,Direct
142,2026-01-17 15:17:41,Susan,Thompson,Female,49,MI,Direct
143,2025-08-24 11:10:41,Joseph,Williams,Male,38,NC,Social Media
144,2026-01-22 23:27:41,Thomas,Clark,Female,18,MO,Email Marketing
145,2026-02-06 23:28:41,Thomas,Lopez,Male,57,TN,Direct
146,2026-06-18 13:22:41,William,Moore,Female,26,MI,Email Marketing
147,2025-09-15 07:50:41,James,Lee,Male,56,GA,Direct
148,2025-08-23 12:22:41,James,Moore,Female,44,TX,Paid Search
149,2025-11-22 15:00:41,Christopher,Clark,Male,27,TN,Direct
150,2026-02-14 15:24:41,William,Wilson,Female,48,TN,Paid Search
151,2025-09-03 00:32:41,Richard,Miller,Male,56,IN,Direct
152,2025-11-08 22:33:41,Matthew,Sanchez,Female,44,WA,Referral
153,2026-02-09 15:45:41,Lisa,Martinez,Male,55,TN,Paid Search
154,2026-02-14 09:10:41,Barbara,Hernandez,Female,53,MO,Email Marketing
155,2026-01-21 23:35:41,Michael,Thompson,Male,33,CO,Paid Search
156,2026-05-31 18:24:41,Lisa,Thomas,Female,63,CO,Email Marketing
157,2025-12-12 02:10:41,Jessica,Johnson,Male,26,IN,Referral
158,2025-07-03 21:24:41,Margaret,Anderson,Female,24,IN,Email Marketing
159,2026-02-21 06:36:41,Susan,Ramirez,Male,59,IL,Organic Search
160,2026-06-06 15:39:41,Karen,Thompson,Female,43,TX,Social Media
161,2025-07-14 17:19:41,David,Lee,Male,63,TN,Referral
162,2025-08-11 11:21:41,Linda,Lee,Female,61,MI,Paid Search
163,2025-09-19 20:34:41,Matthew,Lee,Male,63,FL,Email Marketing
164,2025-11-23 09:38:41,Mark,Smith,Female,20,WA,Organic Search
165,2026-04-11 20:05:41,Susan,Jones,Male,33,IN,Email Marketing
166,2026-01-07 17:58:41,Jennifer,Garcia,Female,29,TX,Referral
167,2026-02-17 18:31:41,Linda,Thomas,Male,55,IL,Paid Search
168,2025-11-20 19:49:41,Joseph,Rodriguez,Female,60,CA,Email Marketing
169,2025-11-26 18:42:41,Jennifer,Williams,Male,46,AZ,Referral
170,2026-01-08 13:21:41,Daniel,Rodriguez,Female,47,MI,Paid Search
171,2025-11-24 20:33:41,Linda,Gonzalez,Male,54,AZ,Referral
172,2025-06-30 17:10:41,James,Clark,Female,60,CO,Social Media
173,2026-03-07 08:04:41,Nancy,Harris,Male,65,NY,Referral
174,2026-05-17 04:54:41,Betty,Davis,Female,56,AZ,Paid Search
175,2025-08-14 18:56:41,William,Perez,Male,66,IL,Direct
176,2026-04-18 10:01:41,Mary,Martinez,Female,68,MA,Organic Search
177,2026-01-24 03:27:41,Robert,Williams,Male,36,WA,Direct
178,2026-03-09 07:08:41,Robert,Sanchez,Female,52,AZ,Referral
179,2025-12-16 01:44:41,Jennifer,Rodriguez,Male,70,TN,Social Media
180,2026-06-06 11:09:41,John,Jones,Female,66,GA,Direct
181,2025-07-03 06:49:41,Betty,Moore,Male,41,TX,Email Marketing
182,2026-01-07 18:38:41,Patricia,Anderson,Female,41,NC,Referral
183,2026-05-09 15:35:41,Patricia,Perez,Male,32,TN,Organic Search
184,2026-02-18 20:34:41,Sandra,Martin,Female,32,TX,Direct
185,2025-07-15 07:46:41,Christopher,Wilson,Male,25,IL,Organic Search
186,2026-01-10 12:38:41,Patricia,Brown,Female,33,MO,Paid Search
187,2026-04-22 22:01:41,Nancy,White,Male,62,MO,Email Marketing
188,2026-05-07 11:32:41,Robert,Lewis,Female,44,FL,Email Marketing
189,2026-02-08 06:09:41,Mary,Thompson,Male,41,OH,Email Marketing
190,2026-05-22 09:18:41,Barbara,Brown,Female,61,AZ,Referral
191,2025-08-11 19:28:41,Richard,Rodriguez,Male,30,FL,Email Marketing
192,2025-12-13 05:23:41,Christopher,Lee,Female,56,CA,Organic Search
193,2025-10-10 16:28:41,Betty,Jackson,Male,31,TX,Referral
194,2026-04-26 22:32:41,Anthony,Ramirez,Female,32,WA,Paid Search
195,2025-09-23 01:57:41,Margaret,Jones,Male,26,MO,Social Media
196,2025-10-25 16:35:41,Margaret,Smith,Female,26,CA,Social Media
197,2026-01-27 14:22:41,James,Garcia,Male,34,NY,Paid Search
198,2026-03-15 16:21:41,Lisa,Williams,Female,48,MA,Social Media
199,2026-05-29 14:34:41,Joseph,Taylor,Male,32,NY,Direct
200,2026-01-17 11:58:41,Joseph,Lee,Female,19,NY,Email Marketing
201,2025-08-06 08:53:41,Patricia,Thomas,Male,63,MA,Organic Search
202,2026-05-16 16:50:41,Robert,Williams,Female,26,NC,Referral
203,2026-02-13 14:53:41,Daniel,Hernandez,Male,42,IN,Social Media
204,2026-05-25 16:01:41,Susan,Brown,Female,68,FL,Direct
205,2026-01-23 09:07:41,Margaret,Miller,Male,45,MA,Paid Search
206,2026-01-30 08:57:41,Joseph,Gonzalez,Female,44,FL,Social Media
207,2025-08-11 00:20:41,William,Lopez,Male,27,TN,Organic Search
208,2026-04-05 23:52:41,Susan,Brown,Female,65,AZ,Paid Search
209,2025-12-24 20:03:41,Sarah,Moore,Male,39,FL,Email Marketing
210,2026-04-29 07:37:41,Susan,Ramirez,Female,64,NY,Social Media
211,2026-05-28 13:29:41,Patricia,Jackson,Male,50,OH,Paid Search
212,2025-08-23 06:51:41,Margaret,Brown,Female,40,MO,Social Media
213,2026-05-06 19:56:41,Linda,Sanchez,Male,45,MO,Referral
214,2025-09-26 06:59:41,Sarah,Smith,Female,56,NC,Organic Search
215,2025-09-26 02:51:41,Matthew,Martinez,Male,39,AZ,Organic Search
216,2026-05-15 22:20:41,Nancy,Gonzalez,Female,22,IL,Direct
217,2026-02-13 08:25:41,Lisa,Taylor,Male,31,CO,Email Marketing
218,2026-04-27 01:11:41,Barbara,Martinez,Female,64,WA,Referral
219,2025-08-06 06:43:41,Mary,Jones,Male,28,NY,Direct
220,2025-11-12 05:03:41,Nancy,Wilson,Female,49,MA,Email Marketing
221,2025-11-18 19:58:41,Thomas,Brown,Male,40,VA,Organic Search
222,2025-10-16 10:53:41,Charles,Thomas,Female,51,MI,Organic Search
223,2025-09-04 06:33:41,Mary,Smith,Male,31,MI,Paid Search
224,2026-02-01 03:23:41,David,Brown,Female,18,TN,Direct
225,2026-04-08 20:06:41,Richard,Moore,Male,63,GA,Referral
226,2025-07-05 13:13:41,Barbara,Williams,Female,43,NY,Email Marketing
227,2026-01-19 20:55:41,John,Ramirez,Male,38,VA,Referral
228,2025-12-09 04:06:41,Susan,Martinez,Female,25,CO,Organic Search
229,2026-02-04 01:30:41,Karen,Anderson,Male,62,AZ,Organic Search
230,2026-01-14 08:02:41,Susan,Jackson,Female,43,IN,Organic Search
231,2026-03-14 18:22:41,David,Davis,Male,39,PA,Organic Search
232,2026-05-22 02:30:41,Thomas,Taylor,Female,30,AZ,Social Media
233,2026-04-30 03:03:41,Patricia,Jones,Male,34,OH,Paid Search
234,2026-03-05 13:03:41,Matthew,Lee,Female,22,PA,Direct
235,2026-04-11 18:55:41,Charles,Harris,Male,55,MA,Direct
236,2026-02-06 00:45:41,Karen,Hernandez,Female,58,WA,Paid Search
237,2025-07-24 09:47:41,Joseph,Lee,Male,37,NC,Referral
238,2025-07-25 10:08:41,John,Martinez,Female,47,MA,Organic Search
239,2026-04-26 14:39:41,Elizabeth,Williams,Male,59,TX,Referral
240,2026-04-14 18:27:41,Joseph,Jackson,Female,53,NY,Email Marketing
241,2025-07-27 12:21:41,David,Martin,Male,48,IN,Paid Search
242,2026-05-22 03:17:41,Betty,Lewis,Female,39,TX,Referral
243,2026-03-20 17:25:41,Linda,Thompson,Male,46,MA,Referral
244,2025-12-16 19:53:41,Barbara,Lopez,Female,36,CO,Email Marketing
245,2025-12-11 01:50:41,Mary,Sanchez,Male,58,WA,Organic Search
246,2026-05-28 18:10:41,Nancy,Gonzalez,Female,36,NC,Direct
247,2025-12-01 18:59:41,Robert,Hernandez,Male,23,IL,Social Media
248,2026-04-08 10:56:41,Nancy,Gonzalez,Female,26,TX,Social Media
249,2026-06-20 21:58:41,Betty,Hernandez,Male,70,IL,Direct
250,2025-12-27 22:38:41,Sandra,Taylor,Female,23,VA,Referral
251,2025-10-02 05:23:41,Elizabeth,Garcia,Male,31,WA,Email Marketing
252,2026-03-29 22:11:41,Robert,Williams,Female,36,FL,Referral
253,2025-09-01 17:39:41,Thomas,Johnson,Male,60,WA,Referral
254,2026-02-04 23:41:41,Robert,Garcia,Female,29,PA,Direct
255,2026-05-04 08:03:41,Barbara,Perez,Male,64,GA,Email Marketing
256,2025-10-26 08:06:41,Lisa,Sanchez,Female,46,GA,Referral
257,2026-04-14 12:44:41,Betty,Thomas,Male,30,AZ,Direct
258,2026-03-23 11:25:41,Matthew,Martinez,Female,67,CO,Referral
259,2025-07-22 18:45:41,Anthony,Miller,Male,69,IL,Social Media
260,2026-03-17 01:33:41,Margaret,Lopez,Female,53,FL,Direct
261,2026-03-15 03:08:41,John,Harris,Male,28,NC,Email Marketing
262,2025-07-09 11:18:41,Susan,Williams,Female,32,MA,Social Media
263,2025-08-06 09:29:41,Richard,Taylor,Male,41,GA,Email Marketing
264,2025-09-03 23:33:41,James,Hernandez,Female,24,WA,Paid Search
265,2026-02-21 12:54:41,Sandra,Clark,Male,48,IL,Direct
266,2025-10-14 02:50:41,James,Lewis,Female,23,CA,Social Media
267,2025-11-20 05:34:41,Lisa,Martin,Male,51,VA,Organic Search
268,2026-05-10 12:19:41,Patricia,Johnson,Female,33,VA,Direct
269,2026-05-15 14:51:41,Patricia,Clark,Male,49,MO,Organic Search
270,2025-06-26 17:37:41,Linda,Thompson,Female,27,MI,Email Marketing
271,2026-06-03 00:48:41,Linda,Jackson,Male,44,PA,Direct
272,2026-03-12 15:16:41,Barbara,Williams,Female,51,MO,Referral
273,2026-01-10 09:31:41,Richard,Ramirez,Male,48,NY,Direct
274,2025-10-27 21:57:41,Lisa,Smith,Female,40,TX,Social Media
275,2025-07-18 09:49:41,Christopher,Brown,Male,67,WA,Paid Search
276,2026-02-18 20:45:41,David,Clark,Female,59,PA,Direct
277,2026-02-14 23:33:41,Christopher,Garcia,Male,69,IL,Organic Search
278,2025-12-04 07:47:41,Michael,Johnson,Female,68,OH,Organic Search
279,2025-07-14 18:27:41,Richard,Clark,Male,52,TN,Social Media
280,2025-12-12 06:22:41,Elizabeth,Lopez,Female,67,NY,Direct
281,2026-02-06 10:36:41,Betty,Lopez,Male,45,CO,Direct
282,2026-03-18 07:06:41,Jennifer,Thomas,Female,62,TN,Social Media
283,2026-04-30 03:49:41,John,White,Male,45,TX,Email Marketing
284,2026-05-30 07:34:41,Elizabeth,Hernandez,Female,24,TX,Social Media
285,2026-06-14 12:37:41,Joseph,Martin,Male,63,VA,Paid Search
286,2026-02-03 06:55:41,Joseph,Johnson,Female,64,AZ,Referral
287,2026-03-15 21:58:41,Betty,Johnson,Male,22,CO,Social Media
288,2025-08-29 00:30:41,Jennifer,Smith,Female,27,MA,Organic Search
289,2026-04-11 23:53:41,Matthew,Lee,Male,41,AZ,Email Marketing
290,2026-02-08 00:51:41,Robert,Perez,Female,46,AZ,Social Media
291,2026-05-24 06:30:41,Robert,Taylor,Male,41,CO,Social Media
292,2026-03-18 11:13:41,Patricia,Smith,Female,65,PA,Email Marketing
293,2026-02-09 04:54:41,Sarah,Brown,Male,34,NC,Direct
294,2025-09-03 00:43:41,Elizabeth,Thompson,Female,49,OH,Organic Search
295,2026-06-10 08:57:41,Jennifer,Lewis,Male,63,MA,Organic Search
296,2025-11-21 08:09:41,Barbara,Thompson,Female,22,MO,Referral
297,2026-03-13 05:22:41,Jennifer,Thompson,Male,63,PA,Social Media
298,2025-07-09 09:50:41,Michael,Sanchez,Female,26,GA,Email Marketing
299,2026-05-05 00:19:41,Charles,Lopez,Male,47,MO,Paid Search
300,2026-01-22 12:07:41,Elizabeth,Gonzalez,Female,63,TN,Referral
301,2025-08-02 12:44:41,Charles,Williams,Male,26,WA,Direct
302,2026-05-19 16:26:41,Nancy,Taylor,Female,40,IL,Referral
303,2025-08-28 14:24:41,Matthew,Jones,Male,45,IN,Organic Search
304,2025-10-19 09:48:41,Elizabeth,Garcia,Female,28,WA,Direct
305,2026-05-17 15:32:41,Mark,Martinez,Male,23,NC,Paid Search
306,2026-03-10 18:25:41,Robert,Lee,Female,37,MO,Organic Search
307,2026-05-11 22:12:41,Charles,Jackson,Male,27,PA,Direct
308,2025-08-05 23:56:41,Karen,Hernandez,Female,54,NY,Organic Search
309,2026-01-25 17:55:41,Matthew,Jackson,Male,34,OH,Referral
310,2026-05-20 07:45:41,James,Thomas,Female,58,MO,Social Media
311,2026-02-13 00:59:41,Linda,Sanchez,Male,69,CO,Social Media
312,2026-02-18 04:36:41,Mary,Garcia,Female,46,VA,Email Marketing
313,2025-12-19 10:23:41,Karen,Jones,Male,38,WA,Direct
314,2025-12-06 05:44:41,Matthew,Lopez,Female,50,MO,Organic Search
315,2025-08-13 23:33:41,Patricia,Rodriguez,Male,46,GA,Paid Search
316,2025-09-15 09:14:41,Richard,Ramirez,Female,57,VA,Paid Search
317,2026-03-08 14:44:41,Charles,White,Male,38,OH,Paid Search
318,2025-08-11 10:47:41,Jessica,Lewis,Female,37,TN,Organic Search
319,2025-07-21 07:46:41,Joseph,Davis,Male,31,AZ,Organic Search
320,2026-03-26 23:09:41,Karen,Lewis,Female,59,TN,Social Media
321,2025-12-30 10:38:41,Patricia,Wilson,Male,26,NC,Direct
322,2025-12-28 15:33:41,Mary,Gonzalez,Female,21,MO,Paid Search
323,2025-11-16 17:58:41,John,Gonzalez,Male,50,MA,Referral
324,2026-01-03 08:50:41,Karen,Brown,Female,26,FL,Email Marketing
325,2026-03-13 10:47:41,Barbara,Harris,Male,27,OH,Referral
326,2025-12-13 13:48:41,Mary,Johnson,Female,20,IL,Direct
327,2025-12-10 17:35:41,Joseph,Jones,Male,56,IN,Paid Search
328,2025-12-15 15:08:41,Jennifer,Gonzalez,Female,57,MI,Referral
329,2025-07-04 09:36:41,Thomas,Moore,Male,49,MI,Email Marketing
330,2026-06-13 18:16:41,Nancy,Brown,Female,44,MI,Direct
331,2025-07-22 16:45:41,Karen,Thomas,Male,34,GA,Direct
332,2026-06-09 05:17:41,Jennifer,Taylor,Female,58,CO,Paid Search
333,2026-02-06 08:41:41,Charles,Thompson,Male,25,OH,Organic Search
334,2026-03-09 18:13:41,Robert,Wilson,Female,62,OH,Email Marketing
335,2025-09-04 14:28:41,Jessica,Ramirez,Male,65,NY,Direct
336,2026-01-04 08:26:41,Sarah,Hernandez,Female,60,TN,Referral
337,2025-12-24 20:04:41,Joseph,Robinson,Male,52,WA,Referral
338,2026-02-28 04:30:41,Margaret,White,Female,61,NC,Referral
339,2025-11-20 20:28:41,William,Moore,Male,37,GA,Social Media
340,2025-12-21 16:14:41,Daniel,Thompson,Female,49,WA,Email Marketing
341,2025-08-27 16:58:41,Sandra,Sanchez,Male,64,NC,Social Media
342,2025-11-20 23:33:41,Sarah,Gonzalez,Female,43,AZ,Paid Search
343,2025-11-04 21:45:41,Daniel,Williams,Male,40,MA,Direct
344,2026-04-09 20:32:41,Michael,Miller,Female,70,MO,Social Media
345,2025-07-21 20:12:41,Robert,Brown,Male,57,GA,Paid Search
346,2025-08-16 11:36:41,Thomas,Davis,Female,58,GA,Organic Search
347,2026-04-03 03:41:41,Daniel,Thomas,Male,24,IL,Organic Search
348,2025-10-06 07:35:41,Christopher,Robinson,Female,48,TN,Direct
349,2026-04-15 05:49:41,Elizabeth,Lee,Male,21,TX,Direct
350,2025-09-24 00:08:41,Lisa,White,Female,20,PA,Email Marketing
351,2025-11-20 23:15:41,Richard,Sanchez,Male,49,PA,Direct
352,2025-11-18 12:56:41,Elizabeth,Jackson,Female,56,FL,Social Media
353,2026-02-20 06:27:41,Sarah,Taylor,Male,49,IL,Referral
354,2026-02-15 18:31:41,Betty,Brown,Female,39,PA,Direct
355,2026-04-12 20:03:41,Daniel,Garcia,Male,18,WA,Social Media
356,2026-03-16 08:20:41,Michael,Garcia,Female,57,CO,Email Marketing
357,2026-02-25 09:14:41,Richard,Perez,Male,24,PA,Paid Search
358,2026-02-09 06:36:41,Linda,Smith,Female,34,CO,Paid Search
359,2026-05-26 09:59:41,Elizabeth,Jackson,Male,64,CA,Social Media
360,2025-11-30 03:40:41,Linda,Johnson,Female,60,FL,Email Marketing
361,2025-08-25 19:13:41,Nancy,Taylor,Male,63,MI,Direct
362,2025-09-02 13:24:41,Elizabeth,Lopez,Female,57,GA,Paid Search
363,2026-06-20 16:13:41,Joseph,White,Male,56,AZ,Email Marketing
364,2026-06-09 18:10:41,Jessica,Harris,Female,52,OH,Paid Search
365,2026-06-21 09:19:41,Betty,Williams,Male,51,MA,Referral
366,2026-03-11 04:51:41,Sandra,Jackson,Female,25,NY,Referral
367,2026-02-07 01:58:41,Sarah,Jones,Male,28,WA,Referral
368,2026-03-14 13:06:41,Michael,Thompson,Female,55,TN,Organic Search
369,2026-02-14 16:18:41,Mary,Anderson,Male,26,IN,Email Marketing
370,2025-07-07 10:31:41,Sarah,Anderson,Female,61,MI,Direct
371,2025-08-01 23:42:41,Anthony,Smith,Male,65,OH,Referral
372,2025-07-31 13:17:41,Barbara,Thompson,Female,22,MO,Organic Search
373,2026-05-22 11:38:41,Elizabeth,Wilson,Male,29,IL,Direct
374,2025-08-06 19:57:41,Mark,Gonzalez,Female,46,CO,Email Marketing
375,2025-09-25 15:40:41,Margaret,Moore,Male,26,AZ,Organic Search
376,2025-07-07 07:44:41,Thomas,Jones,Female,64,GA,Organic Search
377,2026-01-06 05:30:41,Nancy,White,Male,52,VA,Referral
378,2025-08-22 00:06:41,Joseph,Lopez,Female,27,NC,Paid Search
379,2025-10-09 00:21:41,Nancy,Wilson,Male,57,CA,Paid Search
380,2025-07-18 10:43:41,Karen,Johnson,Female,46,NY,Paid Search
381,2026-03-10 07:29:41,Linda,Moore,Male,31,NY,Paid Search
382,2026-04-28 20:07:41,Anthony,Robinson,Female,64,WA,Referral
383,2026-03-19 05:41:41,David,Davis,Male,37,IL,Direct
384,2025-09-23 18:58:41,Elizabeth,Rodriguez,Female,21,MO,Referral
385,2026-05-21 19:39:41,Susan,Moore,Male,49,NY,Social Media
386,2025-09-10 07:39:41,Betty,Taylor,Female,38,VA,Email Marketing
387,2025-10-19 08:09:41,Jennifer,Harris,Male,52,TN,Paid Search
388,2026-04-09 11:41:41,Daniel,Jones,Female,69,MA,Organic Search
389,2025-11-03 04:36:41,Sarah,Taylor,Male,26,CO,Paid Search
390,2026-03-27 22:08:41,Christopher,Williams,Female,46,AZ,Organic Search
391,2026-05-01 17:17:41,Michael,Johnson,Male,35,CO,Direct
392,2026-02-26 05:10:41,Margaret,Williams,Female,30,MO,Paid Search
393,2025-10-01 21:22:41,Sandra,Hernandez,Male,37,CA,Paid Search
394,2026-05-01 20:28:41,Lisa,Harris,Female,48,GA,Direct
395,2025-11-17 10:44:41,Richard,Robinson,Male,33,MO,Social Media
396,2025-12-27 15:11:41,Sarah,Lee,Female,40,MI,Social Media
397,2025-10-08 09:35:41,Jessica,Anderson,Male,24,TN,Social Media
398,2025-09-07 22:31:41,Susan,Johnson,Female,54,GA,Direct
399,2025-09-12 04:36:41,Sarah,Robinson,Male,55,VA,Social Media
400,2026-04-03 18:58:41,Linda,Gonzalez,Female,54,GA,Email Marketing
401,2026-05-20 21:46:41,David,Rodriguez,Male,66,TN,Direct
402,2025-09-05 21:49:41,Joseph,Garcia,Female,64,AZ,Paid Search
403,2025-07-13 01:07:41,Jessica,Garcia,Male,52,NY,Referral
404,2025-09-04 18:29:41,Nancy,Johnson,Female,66,CA,Email Marketing
405,2026-03-11 12:38:41,John,Thompson,Male,27,CA,Paid Search
406,2026-03-01 22:15:41,Mary,Martin,Female,58,TN,Direct
407,2026-03-24 21:32:41,Sarah,Moore,Male,44,CA,Organic Search
408,2026-06-06 12:06:41,Sarah,Martinez,Female,19,IN,Direct
409,2025-09-10 05:27:41,Sandra,Garcia,Male,24,FL,Referral
410,2026-01-15 00:38:41,Karen,Taylor,Female,34,AZ,Social Media
411,2025-10-19 07:58:41,Richard,Anderson,Male,54,GA,Direct
412,2026-01-19 10:39:41,Anthony,Ramirez,Female,23,NY,Organic Search
413,2025-09-21 00:46:41,Sarah,Thomas,Male,21,CA,Direct
414,2025-08-13 15:13:41,Margaret,Wilson,Female,59,WA,Referral
415,2025-07-19 00:58:41,Mary,Davis,Male,31,TN,Social Media
416,2025-12-03 22:28:41,Sandra,Rodriguez,Female,52,NY,Paid Search
417,2025-11-26 03:51:41,Charles,Jones,Male,66,CO,Organic Search
418,2026-01-08 21:23:41,Linda,Jackson,Female,42,MO,Social Media
419,2025-12-19 23:21:41,Betty,Thompson,Male,64,TX,Referral
420,2026-05-06 17:40:41,Susan,Davis,Female,22,WA,Referral
421,2026-03-04 05:37:41,Matthew,Hernandez,Male,19,NC,Email Marketing
422,2026-04-21 19:39:41,Sarah,Gonzalez,Female,45,PA,Direct
423,2025-08-02 00:32:41,John,Harris,Male,57,MI,Paid Search
424,2026-01-11 08:38:41,Robert,Gonzalez,Female,63,IL,Direct
425,2025-12-27 06:21:41,Patricia,Williams,Male,18,MI,Email Marketing
426,2026-04-07 15:47:41,Robert,Williams,Female,29,VA,Email Marketing
427,2026-04-05 00:53:41,Susan,Brown,Male,19,TX,Social Media
428,2025-11-22 11:39:41,Karen,Sanchez,Female,38,CO,Organic Search
429,2026-04-14 14:25:41,Matthew,Williams,Male,64,MO,Paid Search
430,2025-11-27 06:46:41,Nancy,Gonzalez,Female,28,IL,Social Media
431,2026-01-27 07:45:41,Robert,Williams,Male,28,VA,Social Media
432,2026-05-12 13:53:41,Betty,Williams,Female,41,NC,Paid Search
433,2025-11-27 22:40:41,Karen,Miller,Male,47,FL,Paid Search
434,2026-02-06 08:42:41,David,Clark,Female,57,CO,Social Media
435,2025-12-07 17:59:41,Anthony,Clark,Male,59,IL,Social Media
436,2025-12-06 08:02:41,Michael,Thomas,Female,38,PA,Email Marketing
437,2026-01-04 07:07:41,Daniel,Lee,Male,49,GA,Social Media
438,2025-10-06 16:49:41,Betty,Gonzalez,Female,41,FL,Referral
439,2026-02-17 20:28:41,Jennifer,Perez,Male,67,MO,Organic Search
440,2026-06-05 13:23:41,Joseph,Sanchez,Female,36,TX,Email Marketing
441,2025-09-12 20:42:41,Christopher,Martinez,Male,33,NC,Direct
442,2026-02-26 16:40:41,Betty,Gonzalez,Female,22,MA,Referral
443,2025-07-14 09:59:41,Sarah,Taylor,Male,62,VA,Referral
444,2025-10-31 19:57:41,Mark,Sanchez,Female,52,TX,Organic Search
445,2026-05-22 19:56:41,Barbara,Garcia,Male,59,NY,Referral
446,2025-07-01 01:31:41,Richard,Harris,Female,39,VA,Organic Search
447,2026-04-19 20:51:41,Linda,Taylor,Male,65,IN,Referral
448,2026-06-08 16:59:41,Linda,Anderson,Female,41,CO,Email Marketing
449,2025-08-18 07:41:41,Thomas,Jones,Male,40,CA,Email Marketing
450,2025-12-02 08:44:41,Sandra,Williams,Female,25,IL,Social Media
451,2026-02-24 01:43:41,Betty,Miller,Male,51,TN,Social Media
452,2025-11-26 00:06:41,Lisa,Thompson,Female,46,WA,Organic Search
453,2025-08-20 20:06:41,Daniel,Brown,Male,19,WA,Direct
454,2025-09-23 15:25:41,Jennifer,Robinson,Female,65,GA,Referral
455,2026-01-19 18:26:41,David,Moore,Male,45,MA,Paid Search
456,2025-07-10 21:54:41,Jennifer,Lee,Female,60,VA,Email Marketing
457,2025-06-28 20:28:41,Mark,Miller,Male,46,VA,Email Marketing
458,2025-08-17 15:26:41,Michael,Rodriguez,Female,66,TX,Referral
459,2025-11-07 20:10:41,Barbara,Hernandez,Male,30,MA,Organic Search
460,2026-01-10 17:40:41,Jessica,Taylor,Female,58,WA,Referral
461,2026-05-08 04:07:41,Charles,Brown,Male,40,AZ,Email Marketing
462,2026-04-24 00:58:41,Nancy,Thompson,Female,69,MI,Referral
463,2025-08-24 03:38:41,Robert,Hernandez,Male,25,GA,Social Media
464,2026-04-27 02:51:41,Daniel,Jones,Female,50,CO,Email Marketing
465,2026-03-28 21:13:41,Richard,Wilson,Male,29,TN,Direct
466,2026-03-03 07:23:41,Christopher,Robinson,Female,29,MO,Paid Search
467,2025-06-30 13:23:41,Jennifer,Hernandez,Male,46,NY,Social Media
468,2026-05-26 13:41:41,Michael,Clark,Female,42,MO,Referral
469,2025-09-19 00:51:41,Nancy,Thomas,Male,44,MA,Email Marketing
470,2025-07-12 06:29:41,James,Sanchez,Female,66,GA,Social Media
471,2026-03-06 15:47:41,Sarah,Martinez,Male,28,MA,Referral
472,2025-12-30 16:07:41,Patricia,Jackson,Female,25,NC,Referral
473,2025-10-15 11:21:41,Matthew,Johnson,Male,66,MA,Referral
474,2025-07-12 12:31:41,Lisa,Clark,Female,59,GA,Social Media
475,2025-08-25 05:28:41,Barbara,Ramirez,Male,70,TX,Email Marketing
476,2026-05-04 18:42:41,Betty,White,Female,55,AZ,Direct
477,2025-07-26 16:37:41,Jennifer,Martin,Male,26,OH,Paid Search
478,2025-12-08 20:33:41,Sarah,Rodriguez,Female,56,MO,Paid Search
479,2025-08-13 03:03:41,Elizabeth,Jackson,Male,35,IN,Direct
480,2025-08-29 21:10:41,Betty,Wilson,Female,21,NC,Direct
481,2026-06-07 10:46:41,Robert,Davis,Male,27,WA,Paid Search
482,2026-01-24 10:43:41,Robert,Jackson,Female,58,NC,Direct
483,2026-03-16 21:32:41,John,Lee,Male,68,TX,Email Marketing
484,2025-12-10 16:15:41,Daniel,Robinson,Female,41,MA,Email Marketing
485,2026-02-15 18:57:41,Margaret,Harris,Male,64,TX,Direct
486,2025-10-15 12:07:41,Daniel,Lopez,Female,22,MO,Email Marketing
487,2025-12-15 15:51:41,Michael,Thomas,Male,35,WA,Social Media
488,2025-07-19 23:21:41,Robert,Jackson,Female,49,WA,Direct
489,2025-09-14 12:44:41,Christopher,Sanchez,Male,47,CA,Organic Search
490,2025-11-27 04:10:41,James,Wilson,Female,30,IL,Direct
491,2025-12-27 06:20:41,Sandra,Lewis,Male,35,TX,Direct
492,2026-01-14 18:34:41,Barbara,Perez,Female,59,PA,Organic Search
493,2026-05-27 01:00:41,Lisa,Thompson,Male,66,GA,Email Marketing
494,2025-09-01 16:29:41,Patricia,Smith,Female,31,TN,Organic Search
495,2026-06-17 09:07:41,Thomas,Perez,Male,46,CA,Organic Search
496,2025-08-01 05:39:41,Patricia,Ramirez,Female,45,IL,Email Marketing
497,2025-12-03 10:11:41,John,White,Male,69,FL,Organic Search
498,2026-06-07 02:19:41,Elizabeth,Jones,Female,42,IL,Direct
499,2025-12-22 21:28:41,Thomas,Jackson,Male,18,PA,Email Marketing
500,2026-06-12 13:10:41,Christopher,White,Female,27,VA,Referral
501,2026-04-23 21:39:41,Michael,Williams,Male,24,IL,Organic Search
502,2025-11-14 18:20:41,Barbara,Wilson,Female,38,IL,Paid Search
503,2025-07-09 20:11:41,Linda,Moore,Male,56,MI,Direct
504,2026-01-12 07:56:41,Elizabeth,Miller,Female,51,IN,Paid Search
505,2026-01-09 01:30:41,Mary,Sanchez,Male,68,GA,Email Marketing
506,2025-07-02 10:14:41,Jessica,Lee,Female,56,TX,Referral
507,2026-04-01 19:26:41,David,Jones,Male,42,VA,Social Media
508,2026-04-22 00:15:41,Matthew,Thomas,Female,67,TX,Organic Search
509,2026-03-12 07:55:41,William,Miller,Male,20,NY,Email Marketing
510,2026-06-20 10:20:41,Daniel,Taylor,Female,67,VA,Email Marketing
511,2025-08-07 07:20:41,Christopher,Moore,Male,52,IL,Social Media
512,2025-12-10 10:52:41,Thomas,Robinson,Female,31,IL,Referral
513,2026-06-18 12:01:41,Christopher,Harris,Male,59,TX,Social Media
514,2026-02-03 01:44:41,Margaret,Davis,Female,21,GA,Organic Search
515,2026-05-28 21:26:41,Karen,Martin,Male,21,MI,Direct
516,2025-07-01 03:46:41,Patricia,Smith,Female,63,IL,Direct
517,2026-01-02 03:02:41,Barbara,Taylor,Male,51,NC,Paid Search
518,2025-12-14 11:32:41,Matthew,Ramirez,Female,35,FL,Organic Search
519,2026-02-14 14:38:41,Thomas,Williams,Male,34,TX,Email Marketing
520,2025-09-14 07:04:41,Mary,Thomas,Female,54,PA,Social Media
521,2026-03-12 22:17:41,Patricia,Lewis,Male,54,FL,Paid Search
522,2026-02-22 09:39:41,Margaret,Ramirez,Female,18,GA,Organic Search
523,2026-05-27 11:29:41,Sandra,Jones,Male,29,NY,Referral
524,2025-08-04 16:38:41,David,Davis,Female,44,WA,Social Media
525,2025-10-18 14:17:41,Patricia,Taylor,Male,61,NY,Paid Search
526,2025-12-10 00:50:41,Richard,Williams,Female,47,MI,Social Media
527,2026-04-10 08:02:41,Joseph,Smith,Male,41,OH,Social Media
528,2026-03-05 05:01:41,Karen,Davis,Female,47,AZ,Referral
529,2025-06-29 11:16:41,Mark,Moore,Male,66,GA,Paid Search
530,2025-06-26 19:39:41,Linda,Moore,Female,40,CA,Social Media
531,2025-10-09 14:30:41,Margaret,White,Male,64,MI,Organic Search
532,2025-11-16 00:17:41,Susan,Thomas,Female,21,IL,Direct
533,2026-01-02 13:02:41,Sandra,Davis,Male,51,VA,Direct
534,2026-05-18 10:19:41,John,Jackson,Female,24,IN,Paid Search
535,2025-08-31 05:33:41,Charles,Jackson,Male,21,VA,Direct
536,2025-12-10 08:43:41,William,Ramirez,Female,38,CO,Direct
537,2026-04-21 01:24:41,William,Davis,Male,22,OH,Paid Search
538,2026-01-20 01:49:41,Patricia,Garcia,Female,46,MA,Social Media
539,2026-02-18 07:09:41,Barbara,Harris,Male,31,MA,Social Media
540,2026-06-17 17:17:41,Patricia,Williams,Female,28,MI,Direct
541,2025-10-31 09:40:41,Michael,Clark,Male,38,IL,Organic Search
542,2025-09-22 22:40:41,Thomas,Johnson,Female,61,MI,Social Media
543,2025-08-13 12:21:41,Margaret,Anderson,Male,53,MO,Paid Search
544,2025-07-27 05:23:41,Betty,Sanchez,Female,26,FL,Organic Search
545,2026-05-14 18:20:41,Michael,Clark,Male,43,AZ,Direct
546,2025-07-29 05:12:41,Charles,Jackson,Female,34,TX,Organic Search
547,2025-12-12 01:17:41,Christopher,Anderson,Male,69,IL,Organic Search
548,2026-01-14 13:16:41,Joseph,Johnson,Female,28,VA,Direct
549,2025-10-13 03:32:41,Richard,Perez,Male,45,PA,Social Media
550,2026-05-09 17:30:41,William,Anderson,Female,27,NY,Referral
551,2026-02-25 23:20:41,Christopher,Martinez,Male,49,VA,Referral
552,2026-05-21 14:30:41,William,Gonzalez,Female,26,VA,Paid Search
553,2025-12-26 13:49:41,Christopher,Sanchez,Male,52,CA,Email Marketing
554,2026-01-10 06:26:41,Betty,Thomas,Female,40,IN,Social Media
555,2025-11-16 00:06:41,James,Hernandez,Male,56,GA,Organic Search
556,2025-08-16 05:57:41,Jessica,Taylor,Female,40,GA,Paid Search
557,2026-04-16 10:37:41,Linda,Rodriguez,Male,52,NY,Paid Search
558,2026-04-25 09:06:41,Sandra,Clark,Female,29,PA,Paid Search
559,2026-06-19 09:51:41,Lisa,Thompson,Male,40,CA,Direct
560,2026-03-30 07:26:41,Charles,Jones,Female,54,OH,Email Marketing
561,2026-04-30 05:16:41,Jessica,Johnson,Male,23,NY,Paid Search
562,2025-10-07 02:36:41,Thomas,Thomas,Female,18,WA,Referral
563,2025-07-07 02:52:41,Daniel,Garcia,Male,69,WA,Organic Search
564,2025-12-29 00:38:41,Daniel,Robinson,Female,27,FL,Referral
565,2025-11-27 08:23:41,Daniel,Perez,Male,43,FL,Social Media
566,2025-12-05 04:00:41,Jennifer,White,Female,45,TN,Direct
567,2026-06-01 17:07:41,Sarah,Thompson,Male,57,AZ,Paid Search
568,2025-09-24 21:15:41,Jennifer,Gonzalez,Female,37,MI,Paid Search
569,2026-04-30 09:13:41,Daniel,Jackson,Male,43,NY,Paid Search
570,2025-09-06 09:02:41,Betty,Martin,Female,32,FL,Email Marketing
571,2026-05-17 01:07:41,John,Davis,Male,40,WA,Paid Search
572,2025-07-01 06:28:41,Daniel,Perez,Female,58,WA,Email Marketing
573,2025-08-20 21:15:41,Linda,Thompson,Male,22,AZ,Social Media
574,2026-01-23 14:11:41,Mary,Gonzalez,Female,46,VA,Paid Search
575,2026-02-26 16:56:41,Richard,Lopez,Male,52,CO,Organic Search
576,2025-08-01 23:33:41,Matthew,Perez,Female,32,PA,Email Marketing
577,2025-12-18 04:11:41,James,Hernandez,Male,34,FL,Organic Search
578,2025-08-12 08:53:41,Richard,Garcia,Female,64,TX,Referral
579,2026-05-26 03:53:41,Karen,Lewis,Male,48,CA,Email Marketing
580,2025-12-12 04:27:41,Mark,Wilson,Female,28,NY,Organic Search
581,2026-05-30 07:34:41,Susan,Thompson,Male,53,MO,Social Media
582,2026-04-03 13:24:41,Linda,Brown,Female,21,CO,Referral
583,2025-11-23 19:55:41,Mary,Lopez,Male,18,VA,Organic Search
584,2025-10-09 03:55:41,Karen,Thomas,Female,30,FL,Organic Search
585,2026-01-15 13:46:41,Elizabeth,Williams,Male,48,FL,Social Media
586,2026-03-31 10:26:41,Mark,Perez,Female,34,TX,Direct
587,2026-02-08 23:31:41,Barbara,Lewis,Male,42,AZ,Paid Search
588,2026-04-09 23:24:41,Joseph,Anderson,Female,34,GA,Social Media
589,2026-06-03 10:06:41,Matthew,Thompson,Male,60,FL,Organic Search
590,2025-07-27 11:07:41,Sarah,Wilson,Female,66,GA,Referral
591,2025-10-24 13:34:41,Thomas,Wilson,Male,52,TN,Referral
592,2026-04-14 15:06:41,John,Gonzalez,Female,63,NY,Referral
593,2026-02-10 03:25:41,Charles,Perez,Male,57,IL,Organic Search
594,2026-01-28 00:58:41,Michael,Sanchez,Female,30,IL,Organic Search
595,2025-11-05 09:13:41,Susan,Miller,Male,70,IL,Referral
596,2026-01-10 15:40:41,Lisa,Robinson,Female,69,TX,Organic Search
597,2025-07-02 20:54:41,Sarah,Hernandez,Male,35,IN,Email Marketing
598,2026-01-24 02:24:41,Charles,Taylor,Female,68,VA,Organic Search
599,2026-04-10 02:05:41,Charles,Jackson,Male,55,FL,Organic Search
600,2025-11-08 10:56:41,Elizabeth,Ramirez,Female,52,AZ,Email Marketing
601,2025-09-22 06:40:41,Jessica,Jackson,Male,56,TN,Organic Search
602,2026-01-14 08:59:41,Robert,Martin,Female,56,CO,Organic Search
603,2026-01-01 22:36:41,Linda,Johnson,Male,65,TN,Social Media
604,2026-03-04 20:58:41,Anthony,Sanchez,Female,37,MI,Social Media
605,2026-02-07 08:32:41,Patricia,Ramirez,Male,32,IL,Social Media
606,2026-02-07 05:13:41,Lisa,Wilson,Female,56,TX,Paid Search
607,2026-01-02 23:47:41,Anthony,Wilson,Male,65,TN,Referral
608,2026-03-12 10:23:41,Betty,Garcia,Female,22,MI,Direct
609,2025-10-02 05:08:41,Matthew,Ramirez,Male,51,CA,Paid Search
610,2025-12-27 20:27:41,Mary,Davis,Female,20,MA,Organic Search
611,2026-01-15 19:14:41,William,Lopez,Male,70,MA,Referral
612,2026-03-03 17:43:41,Patricia,Perez,Female,19,GA,Social Media
613,2025-12-19 04:08:41,Jennifer,Ramirez,Male,48,MO,Social Media
614,2025-07-10 10:18:41,Mark,Rodriguez,Female,65,TX,Social Media
615,2026-05-23 05:58:41,Jennifer,Ramirez,Male,54,OH,Paid Search
616,2025-07-06 19:15:41,Michael,Rodriguez,Female,59,VA,Referral
617,2025-06-30 05:31:41,Jessica,Robinson,Male,26,PA,Referral
618,2026-01-04 09:44:41,Karen,Sanchez,Female,37,NC,Email Marketing
619,2026-03-19 17:40:41,William,Miller,Male,47,MI,Direct
620,2026-01-03 15:56:41,Charles,Brown,Female,18,IN,Direct
621,2025-08-20 13:19:41,Karen,Martin,Male,36,MI,Direct
622,2025-11-06 19:00:41,David,Rodriguez,Female,58,WA,Social Media
623,2026-03-17 06:12:41,Mark,Lee,Male,37,OH,Paid Search
624,2025-12-06 19:23:41,Mary,Sanchez,Female,69,CO,Direct
625,2025-11-05 11:40:41,Lisa,Smith,Male,59,TN,Social Media
626,2025-10-17 19:49:41,Richard,White,Female,20,OH,Social Media
627,2025-11-26 04:08:41,Christopher,Sanchez,Male,48,AZ,Referral
628,2025-08-14 13:23:41,Nancy,Lewis,Female,53,PA,Social Media
629,2026-06-09 08:56:41,Lisa,Rodriguez,Male,64,MO,Paid Search
630,2025-11-30 12:05:41,John,Davis,Female,40,GA,Direct
631,2025-11-23 13:09:41,Mark,Hernandez,Male,41,NC,Referral
632,2025-10-03 14:22:41,Patricia,Thomas,Female,21,TX,Email Marketing
633,2026-01-23 00:10:41,Margaret,Perez,Male,42,IN,Social Media
634,2026-01-21 17:12:41,Margaret,Jones,Female,26,OH,Social Media
635,2025-09-26 00:46:41,Sandra,Anderson,Male,27,WA,Direct
636,2025-07-24 22:43:41,David,Lee,Female,29,WA,Direct
637,2025-09-15 14:05:41,William,Miller,Male,66,PA,Referral
638,2026-02-03 18:42:41,Matthew,Harris,Female,23,IL,Referral
639,2025-07-15 15:27:41,Richard,Wilson,Male,48,CO,Organic Search
640,2025-09-30 22:58:41,Lisa,Lopez,Female,18,WA,Referral
641,2026-06-16 09:34:41,James,Lee,Male,64,GA,Paid Search
642,2025-11-29 03:19:41,Robert,Brown,Female,42,IN,Referral
643,2026-03-19 17:48:41,Anthony,Johnson,Male,37,MI,Email Marketing
644,2026-03-03 10:03:41,David,Wilson,Female,61,IL,Social Media
645,2025-10-20 06:01:41,Michael,Garcia,Male,69,CO,Organic Search
646,2026-03-11 03:22:41,Robert,Miller,Female,64,CA,Referral
647,2026-05-19 07:04:41,Barbara,Thompson,Male,59,NY,Email Marketing
648,2025-08-20 19:08:41,Sarah,Martin,Female,21,NY,Direct
649,2026-02-08 10:22:41,James,Johnson,Male,62,FL,Email Marketing
650,2026-06-16 19:55:41,Sarah,Rodriguez,Female,48,IL,Paid Search
651,2026-03-19 06:54:41,James,Martinez,Male,44,FL,Direct
652,2026-03-14 21:54:41,Karen,Thompson,Female,26,VA,Organic Search
653,2025-10-05 17:27:41,Patricia,Martinez,Male,25,FL,Email Marketing
654,2026-06-21 11:33:41,Matthew,Rodriguez,Female,51,OH,Social Media
655,2026-06-13 13:36:41,Jennifer,Johnson,Male,53,TN,Paid Search
656,2026-04-15 19:46:41,Linda,Smith,Female,18,TX,Organic Search
657,2025-08-16 06:56:41,Robert,Williams,Male,67,IN,Organic Search
658,2025-07-21 02:07:41,Linda,Anderson,Female,36,NC,Email Marketing
659,2026-06-07 08:42:41,Jennifer,Ramirez,Male,20,MI,Social Media
660,2025-09-04 19:56:41,Lisa,Brown,Female,24,NY,Organic Search
661,2025-11-10 21:20:41,Jennifer,Hernandez,Male,40,MA,Referral
662,2026-01-17 10:44:41,Barbara,Clark,Female,39,PA,Organic Search
663,2026-05-24 03:22:41,William,Clark,Male,42,TN,Email Marketing
664,2025-08-18 12:13:41,Robert,Thompson,Female,64,NY,Paid Search
665,2026-05-04 11:04:41,Charles,Thomas,Male,69,MA,Paid Search
666,2026-03-02 02:11:41,Barbara,Martin,Female,19,IL,Email Marketing
667,2026-05-27 08:15:41,Susan,Anderson,Male,20,TX,Social Media
668,2026-04-17 21:51:41,Daniel,Ramirez,Female,61,IN,Direct
669,2026-06-13 20:54:41,Linda,Perez,Male,39,IN,Referral
670,2025-12-20 19:58:41,Patricia,Wilson,Female,60,GA,Email Marketing
671,2025-07-22 22:56:41,Christopher,Gonzalez,Male,27,MO,Referral
672,2025-09-18 01:03:41,Sandra,Garcia,Female,50,TN,Email Marketing
673,2025-07-21 14:29:41,Jessica,Hernandez,Male,33,WA,Social Media
674,2025-08-05 12:43:41,Sarah,Lee,Female,42,CO,Paid Search
675,2026-02-09 08:22:41,Betty,Jackson,Male,46,TX,Email Marketing
676,2026-01-18 11:17:41,Jessica,White,Female,59,CA,Organic Search
677,2026-05-08 18:34:41,Sarah,Moore,Male,18,TX,Referral
678,2026-06-04 12:36:41,Mark,Taylor,Female,53,OH,Direct
679,2025-12-12 16:04:41,Barbara,Clark,Male,21,GA,Email Marketing
680,2026-02-12 01:21:41,Karen,Martin,Female,48,AZ,Direct
681,2025-12-24 19:06:41,Matthew,Perez,Male,32,CA,Social Media
682,2025-08-19 00:12:41,Elizabeth,Moore,Female,51,AZ,Direct
683,2025-11-03 17:27:41,Jennifer,Thomas,Male,26,VA,Organic Search
684,2025-10-01 20:36:41,Michael,Brown,Female,43,OH,Email Marketing
685,2026-06-05 16:22:41,Patricia,Harris,Male,44,NY,Direct
686,2026-04-23 14:23:41,Matthew,Lewis,Female,46,MA,Direct
687,2026-02-02 16:45:41,Jessica,Smith,Male,51,NY,Referral
688,2026-04-18 04:01:41,Sandra,Taylor,Female,67,PA,Direct
689,2026-04-29 18:11:41,Anthony,Jones,Male,24,CO,Direct
690,2026-06-15 05:32:41,David,Taylor,Female,42,VA,Referral
691,2025-09-04 11:53:41,Richard,Hernandez,Male,36,MA,Paid Search
692,2026-06-20 16:10:41,Daniel,Lewis,Female,65,IN,Social Media
693,2025-10-15 04:28:41,David,Thompson,Male,65,MO,Direct
694,2025-09-01 20:56:41,Karen,Thompson,Female,36,AZ,Direct
695,2025-08-24 09:50:41,Jennifer,Taylor,Male,52,WA,Direct
696,2026-03-26 08:11:41,Jessica,Jackson,Female,54,VA,Direct
697,2025-08-18 22:39:41,Margaret,Wilson,Male,69,CA,Referral
698,2025-11-09 03:33:41,Robert,Johnson,Female,60,NY,Paid Search
699,2025-11-24 05:03:41,Nancy,Rodriguez,Male,27,NY,Direct
700,2026-05-07 20:02:41,Sarah,Johnson,Female,40,MA,Organic Search
701,2025-10-25 15:05:41,Sarah,Ramirez,Male,32,MO,Email Marketing
702,2026-06-01 00:14:41,Betty,Sanchez,Female,62,MI,Direct
703,2025-07-22 23:02:41,Richard,Gonzalez,Male,44,WA,Referral
704,2026-05-16 21:00:41,William,Miller,Female,57,MA,Paid Search
705,2026-04-30 05:04:41,Christopher,Lopez,Male,66,MO,Direct
706,2026-06-10 00:26:41,Lisa,Miller,Female,36,MA,Paid Search
707,2025-07-16 11:32:41,Jennifer,White,Male,50,FL,Email Marketing
708,2025-11-02 22:36:41,Sarah,Rodriguez,Female,26,PA,Referral
709,2025-12-08 17:18:41,Joseph,Thompson,Male,27,NY,Paid Search
710,2026-04-15 15:37:41,Matthew,Robinson,Female,58,MI,Email Marketing
711,2025-10-16 03:48:41,John,Sanchez,Male,63,WA,Referral
712,2026-03-31 15:40:41,John,Sanchez,Female,50,PA,Email Marketing
713,2025-12-12 08:38:41,John,Lopez,Male,32,OH,Direct
714,2026-04-09 18:15:41,Elizabeth,Miller,Female,66,IN,Email Marketing
715,2026-05-20 18:13:41,Patricia,Perez,Male,40,MA,Paid Search
716,2025-08-23 10:31:41,Karen,Davis,Female,20,WA,Email Marketing
717,2026-01-03 15:06:41,Sarah,White,Male,36,CA,Referral
718,2026-05-25 04:35:41,Thomas,Anderson,Female,49,NY,Social Media
719,2026-03-25 22:55:41,Thomas,Williams,Male,24,PA,Referral
720,2026-01-29 01:28:41,John,Miller,Female,60,OH,Direct
721,2025-08-01 21:58:41,Sarah,Clark,Male,62,VA,Direct
722,2025-08-09 00:18:41,Robert,Smith,Female,47,WA,Organic Search
723,2026-04-16 06:13:41,Jennifer,Sanchez,Male,34,MO,Organic Search
724,2026-01-19 11:35:41,William,Wilson,Female,42,MA,Direct
725,2025-06-29 19:01:41,James,Gonzalez,Male,61,FL,Referral
726,2025-08-02 10:14:41,Karen,Williams,Female,66,NY,Direct
727,2025-08-09 08:03:41,Thomas,Brown,Male,36,MI,Referral
728,2025-07-11 13:25:41,Sandra,Anderson,Female,42,CO,Direct
729,2025-11-24 18:24:41,Sarah,Davis,Male,26,CO,Referral
730,2026-04-05 15:24:41,Elizabeth,Perez,Female,68,AZ,Organic Search
731,2026-04-02 00:34:41,Patricia,Johnson,Male,18,CO,Referral
732,2026-01-23 19:09:41,Michael,White,Female,65,AZ,Paid Search
733,2026-05-07 06:27:41,Thomas,Jones,Male,28,PA,Paid Search
734,2026-02-17 18:50:41,Patricia,Garcia,Female,60,NY,Referral
735,2025-08-15 05:01:41,John,Martinez,Male,60,TX,Social Media
736,2026-06-04 18:30:41,Charles,Thomas,Female,39,AZ,Paid Search
737,2025-12-05 13:43:41,Patricia,Martinez,Male,57,TX,Paid Search
738,2026-04-21 02:51:41,David,Martin,Female,60,MI,Direct
739,2025-09-19 22:35:41,Charles,Lopez,Male,69,WA,Email Marketing
740,2025-12-27 02:58:41,Linda,Sanchez,Female,32,VA,Social Media
741,2025-12-26 07:46:41,Lisa,Hernandez,Male,48,MA,Email Marketing
742,2025-09-05 15:27:41,Sarah,Brown,Female,29,TX,Social Media
743,2025-08-02 23:09:41,William,White,Male,58,TX,Direct
744,2025-10-11 23:50:41,Thomas,Lee,Female,19,CO,Referral
745,2025-09-10 09:40:41,William,Moore,Male,52,TN,Direct
746,2026-02-18 14:47:41,Linda,Lewis,Female,67,MI,Paid Search
747,2026-05-31 06:09:41,John,Gonzalez,Male,41,IN,Organic Search
748,2025-09-05 12:25:41,Betty,Martin,Female,61,PA,Referral
749,2026-02-28 09:17:41,Jennifer,Jackson,Male,54,IL,Direct
750,2025-11-08 09:29:41,Linda,Harris,Female,49,GA,Organic Search
751,2026-01-10 14:13:41,Mary,Perez,Male,31,IN,Social Media
752,2025-12-08 02:00:41,Joseph,Lewis,Female,20,NY,Direct
753,2026-03-31 16:26:41,Thomas,Lee,Male,35,NC,Referral
754,2026-05-26 00:48:41,Richard,Lee,Female,42,AZ,Referral
755,2025-12-23 09:46:41,William,Gonzalez,Male,32,IN,Email Marketing
756,2025-09-05 12:25:41,Betty,Thomas,Female,56,CA,Referral
757,2025-09-10 03:25:41,Linda,Williams,Male,50,NC,Paid Search
758,2025-10-21 12:06:41,Barbara,Martin,Female,63,FL,Direct
759,2026-02-26 13:28:41,David,White,Male,25,TN,Direct
760,2025-10-27 23:23:41,Charles,Garcia,Female,59,VA,Organic Search
761,2026-03-15 00:12:41,Charles,Jackson,Male,28,IL,Direct
762,2025-09-26 14:40:41,Charles,Jones,Female,21,PA,Social Media
763,2026-05-30 07:20:41,Karen,Jackson,Male,58,CA,Direct
764,2025-09-21 06:08:41,Michael,Anderson,Female,56,TN,Email Marketing
765,2026-05-29 14:31:41,Susan,Martin,Male,27,PA,Referral
766,2026-04-27 16:19:41,Jennifer,White,Female,61,WA,Email Marketing
767,2025-07-04 04:48:41,Linda,Gonzalez,Male,42,IL,Organic Search
768,2026-05-02 01:26:41,Margaret,Robinson,Female,50,VA,Paid Search
769,2026-03-10 01:20:41,Jessica,Lewis,Male,57,NY,Referral
770,2026-06-08 18:42:41,Jessica,Perez,Female,26,MO,Organic Search
771,2026-03-24 11:29:41,Thomas,Wilson,Male,41,NY,Direct
772,2026-04-23 22:13:41,Betty,Thomas,Female,68,CO,Social Media
773,2025-09-02 06:45:41,Matthew,Clark,Male,62,FL,Email Marketing
774,2026-03-31 11:31:41,Matthew,Davis,Female,23,MI,Referral
775,2026-03-20 01:48:41,Michael,Smith,Male,63,CA,Referral
776,2025-12-04 11:38:41,James,Gonzalez,Female,59,OH,Direct
777,2026-03-27 11:51:41,Patricia,Jones,Male,45,NC,Social Media
778,2026-01-23 16:05:41,Barbara,Martin,Female,35,CO,Paid Search
779,2026-04-06 13:31:41,Sarah,Thomas,Male,29,AZ,Referral
780,2025-09-04 19:22:41,Elizabeth,Jackson,Female,40,CO,Direct
781,2025-10-13 14:40:41,Lisa,Davis,Male,46,PA,Organic Search
782,2026-06-17 20:00:41,Betty,Hernandez,Female,69,MO,Referral
783,2025-09-08 14:14:41,Mary,Garcia,Male,42,CA,Organic Search
784,2025-10-17 09:20:41,Karen,Wilson,Female,23,TX,Social Media
785,2026-05-06 18:48:41,Karen,Johnson,Male,64,CO,Email Marketing
786,2026-05-19 13:43:41,Elizabeth,Thompson,Female,56,NY,Paid Search
787,2025-10-03 00:05:41,James,Miller,Male,60,IN,Social Media
788,2025-09-20 19:17:41,Karen,Taylor,Female,51,GA,Referral
789,2025-08-09 07:04:41,Barbara,Davis,Male,59,CA,Paid Search
790,2026-04-22 04:48:41,Richard,Lopez,Female,60,CO,Email Marketing
791,2026-04-03 08:01:41,James,White,Male,63,TX,Organic Search
792,2025-11-14 05:53:41,Anthony,Moore,Female,55,AZ,Social Media
793,2025-09-23 11:47:41,Michael,Anderson,Male,43,CA,Social Media
794,2025-12-17 02:06:41,Patricia,Moore,Female,22,IN,Social Media
795,2026-02-07 10:51:41,Thomas,Rodriguez,Male,52,NC,Direct
796,2026-06-09 13:12:41,Jessica,Harris,Female,33,WA,Email Marketing
797,2025-11-05 00:39:41,Charles,Ramirez,Male,19,TN,Organic Search
798,2026-01-23 09:48:41,Christopher,Sanchez,Female,32,GA,Social Media
799,2025-11-20 00:40:41,Sarah,Smith,Male,62,NC,Paid Search
800,2026-04-05 03:45:41,Nancy,White,Female,70,WA,Organic Search
801,2026-06-10 04:46:41,David,Lopez,Male,31,NC,Paid Search
802,2025-10-09 05:27:41,Lisa,Miller,Female,33,GA,Social Media
803,2025-08-19 02:13:41,Anthony,Davis,Male,57,AZ,Paid Search
804,2025-06-29 15:17:41,John,Perez,Female,60,TN,Referral
805,2026-04-16 06:46:41,Margaret,Thomas,Male,41,WA,Email Marketing
806,2025-10-17 16:23:41,Jennifer,Harris,Female,50,NC,Email Marketing
807,2026-03-28 23:47:41,Mary,Taylor,Male,69,VA,Email Marketing
808,2025-08-26 20:48:41,Barbara,Gonzalez,Female,61,PA,Email Marketing
809,2026-06-06 04:39:41,Joseph,Hernandez,Male,62,CA,Organic Search
810,2025-11-05 03:50:41,Charles,Brown,Female,38,AZ,Referral
811,2025-12-18 09:26:41,William,Davis,Male,35,TN,Referral
812,2026-01-02 10:09:41,Jessica,Wilson,Female,31,VA,Direct
813,2025-09-01 16:58:41,Richard,Rodriguez,Male,46,PA,Referral
814,2026-04-06 12:09:41,Linda,Clark,Female,24,NC,Paid Search
815,2025-06-30 03:41:41,Richard,Miller,Male,27,IL,Email Marketing
816,2025-12-04 13:34:41,Jessica,Jones,Female,58,IN,Referral
817,2025-08-15 20:25:41,William,Moore,Male,54,NY,Email Marketing
818,2026-05-14 01:43:41,Mary,Miller,Female,70,NC,Email Marketing
819,2026-04-08 16:14:41,Lisa,Hernandez,Male,34,AZ,Social Media
820,2025-08-27 10:10:41,Betty,Rodriguez,Female,40,CA,Email Marketing
821,2025-11-18 09:35:41,Nancy,Martin,Male,30,MO,Paid Search
822,2026-01-07 17:33:41,Nancy,Taylor,Female,49,MA,Organic Search
823,2025-12-15 11:55:41,Joseph,Lee,Male,27,PA,Direct
824,2025-09-16 08:29:41,Karen,Jackson,Female,43,TX,Organic Search
825,2025-11-09 17:56:41,David,Hernandez,Male,59,MI,Direct
826,2026-04-22 14:43:41,Richard,Rodriguez,Female,46,AZ,Direct
827,2025-10-24 19:31:41,Susan,Garcia,Male,29,CA,Paid Search
828,2025-09-19 10:21:41,Lisa,Thompson,Female,65,TX,Paid Search
829,2025-07-09 10:48:41,Patricia,Williams,Male,48,MO,Organic Search
830,2025-09-13 00:56:41,Matthew,Williams,Female,24,NC,Referral
831,2025-10-30 21:33:41,Sandra,Lewis,Male,42,MI,Paid Search
832,2025-09-20 22:17:41,Joseph,Lee,Female,26,IL,Referral
833,2026-03-29 06:50:41,Nancy,Lopez,Male,38,TN,Email Marketing
834,2026-04-24 17:44:41,Joseph,Jones,Female,62,MO,Paid Search
835,2026-05-19 18:49:41,Christopher,White,Male,58,VA,Referral
836,2025-10-20 00:43:41,Elizabeth,Robinson,Female,40,TN,Referral
837,2025-11-27 22:15:41,Elizabeth,Lopez,Male,44,NC,Paid Search
838,2025-11-19 13:49:41,Thomas,Clark,Female,66,IL,Social Media
839,2025-06-30 12:06:41,James,Thompson,Male,49,TN,Social Media
840,2026-01-03 04:41:41,Elizabeth,Martin,Female,32,CA,Referral
841,2025-09-17 21:02:41,Mark,Moore,Male,45,CO,Paid Search
842,2025-08-05 11:55:41,Christopher,Gonzalez,Female,42,GA,Social Media
843,2026-05-24 21:49:41,Linda,Taylor,Male,66,NC,Social Media
844,2025-09-27 02:33:41,Betty,Rodriguez,Female,44,OH,Organic Search
845,2026-06-19 17:46:41,Patricia,Lee,Male,47,MA,Social Media
846,2026-03-25 22:26:41,Michael,Hernandez,Female,19,IL,Organic Search
847,2026-02-05 21:15:41,Patricia,Martinez,Male,35,IL,Direct
848,2025-10-15 08:41:41,Linda,Williams,Female,27,CA,Email Marketing
849,2026-02-18 21:05:41,Elizabeth,Sanchez,Male,69,TN,Social Media
850,2025-11-09 10:19:41,Mary,Hernandez,Female,23,IL,Organic Search
851,2026-01-06 22:22:41,Sarah,Thomas,Male,29,OH,Social Media
852,2025-10-30 21:17:41,Matthew,Thompson,Female,33,CO,Email Marketing
853,2026-06-01 04:45:41,Michael,Anderson,Male,65,FL,Referral
854,2026-05-14 21:17:41,Richard,Perez,Female,37,WA,Paid Search
855,2025-11-02 13:55:41,Lisa,Robinson,Male,53,IN,Organic Search
856,2025-10-15 01:30:41,Elizabeth,Miller,Female,41,NY,Direct
857,2025-11-14 16:22:41,Christopher,Wilson,Male,38,CA,Paid Search
858,2026-04-19 20:45:41,Richard,Sanchez,Female,33,CA,Organic Search
859,2025-10-31 03:46:41,Daniel,Martin,Male,27,AZ,Organic Search
860,2025-07-25 23:37:41,John,Perez,Female,57,WA,Direct
861,2025-08-29 13:29:41,Christopher,Jones,Male,62,MO,Organic Search
862,2025-10-01 22:59:41,David,Moore,Female,68,AZ,Email Marketing
863,2025-07-16 14:00:41,Richard,Lopez,Male,64,IL,Social Media
864,2026-03-03 04:51:41,Joseph,Moore,Female,36,MO,Direct
865,2026-02-20 07:10:41,Jennifer,Moore,Male,40,WA,Direct
866,2026-03-24 02:43:41,Anthony,Martin,Female,53,PA,Organic Search
867,2026-02-12 23:04:41,Elizabeth,Clark,Male,34,MO,Social Media
868,2026-05-09 10:04:41,Christopher,Taylor,Female,42,PA,Organic Search
869,2026-03-28 10:27:41,Karen,Davis,Male,38,TX,Direct
870,2026-05-05 07:35:41,Thomas,Perez,Female,49,MO,Paid Search
871,2026-03-20 19:19:41,Susan,Lee,Male,38,FL,Organic Search
872,2025-10-07 01:46:41,Mary,Clark,Female,26,PA,Organic Search
873,2026-03-03 14:54:41,Michael,Brown,Male,20,CO,Direct
874,2025-10-17 18:00:41,Daniel,Jackson,Female,34,NY,Social Media
875,2026-02-20 18:18:41,John,Smith,Male,31,TN,Organic Search
876,2025-07-25 17:32:41,Barbara,Moore,Female,65,VA,Social Media
877,2025-08-04 04:48:41,Thomas,Johnson,Male,64,TX,Social Media
878,2026-01-09 04:27:41,Patricia,Brown,Female,64,GA,Referral
879,2026-04-07 12:02:41,Thomas,Perez,Male,33,PA,Referral
880,2026-02-15 20:57:41,Patricia,Harris,Female,58,AZ,Direct
881,2026-04-03 10:47:41,Susan,Lewis,Male,24,PA,Paid Search
882,2026-02-07 10:12:41,David,Perez,Female,28,MO,Referral
883,2026-05-16 12:07:41,David,Moore,Male,38,AZ,Email Marketing
884,2026-04-01 04:39:41,Lisa,Hernandez,Female,56,GA,Referral
885,2026-02-12 12:40:41,Matthew,Moore,Male,65,NC,Social Media
886,2025-07-04 14:23:41,James,White,Female,20,MI,Referral
887,2025-10-13 08:16:41,Mark,Martinez,Male,18,MI,Paid Search
888,2026-03-14 15:51:41,Matthew,Clark,Female,62,NC,Referral
889,2026-02-16 09:24:41,Sandra,Jackson,Male,27,FL,Organic Search
890,2025-11-04 07:20:41,Robert,Rodriguez,Female,41,GA,Paid Search
891,2025-08-04 21:35:41,Charles,Gonzalez,Male,54,OH,Direct
892,2026-06-20 17:07:41,Betty,Thomas,Female,29,TN,Direct
893,2026-04-17 10:20:41,Sandra,Brown,Male,56,MI,Organic Search
894,2026-02-03 12:14:41,Matthew,Johnson,Female,67,WA,Social Media
895,2026-05-26 18:14:41,Margaret,Brown,Male,67,GA,Direct
896,2025-11-29 14:17:41,James,Lee,Female,67,CO,Organic Search
897,2026-03-10 20:29:41,David,Moore,Male,54,IL,Social Media
898,2026-04-26 16:47:41,Robert,Johnson,Female,61,CO,Email Marketing
899,2025-09-09 02:36:41,John,Davis,Male,45,MI,Email Marketing
900,2026-01-16 06:20:41,John,Thomas,Female,54,NY,Referral
901,2026-02-27 15:27:41,Richard,Taylor,Male,45,IL,Paid Search
902,2026-05-07 21:48:41,Jessica,Gonzalez,Female,59,OH,Referral
903,2025-12-08 20:14:41,Linda,Davis,Male,22,NC,Email Marketing
904,2025-12-30 09:27:41,Charles,Williams,Female,25,VA,Email Marketing
905,2025-09-20 09:54:41,David,Lopez,Male,56,CA,Social Media
906,2025-07-18 05:27:41,Anthony,Sanchez,Female,46,IL,Email Marketing
907,2025-07-23 05:54:41,Nancy,Lopez,Male,27,TX,Organic Search
908,2025-12-18 21:06:41,Sandra,Jones,Female,70,MI,Organic Search
909,2025-12-12 05:02:41,Patricia,Martinez,Male,46,TN,Organic Search
910,2025-11-05 15:45:41,Sarah,Miller,Female,31,MO,Referral
911,2026-04-20 19:48:41,Karen,White,Male,27,CA,Email Marketing
912,2025-10-06 20:54:41,Mary,Rodriguez,Female,28,NY,Social Media
913,2026-01-10 19:32:41,William,Johnson,Male,47,CA,Organic Search
914,2025-07-05 08:10:41,Nancy,Ramirez,Female,60,AZ,Organic Search
915,2026-03-13 20:21:41,Mark,Lee,Male,42,GA,Email Marketing
916,2025-09-29 04:47:41,Mark,Hernandez,Female,49,MO,Organic Search
917,2025-10-30 14:34:41,Joseph,Moore,Male,63,CA,Organic Search
918,2025-12-20 19:37:41,David,Thomas,Female,43,PA,Organic Search
919,2025-11-13 23:55:41,Barbara,Lee,Male,37,GA,Referral
920,2025-11-16 05:24:41,William,Lewis,Female,42,CA,Referral
921,2026-01-07 14:58:41,David,Lewis,Male,43,IL,Organic Search
922,2025-10-27 16:24:41,Karen,Ramirez,Female,58,GA,Email Marketing
923,2026-03-30 02:28:41,Susan,Martinez,Male,56,WA,Email Marketing
924,2025-10-07 02:34:41,Christopher,Jones,Female,55,MO,Direct
925,2025-09-08 19:14:41,Daniel,Thompson,Male,51,IL,Email Marketing
926,2026-04-07 16:01:41,Charles,Robinson,Female,28,WA,Organic Search
927,2025-07-11 09:11:41,Patricia,Garcia,Male,38,IL,Direct
928,2026-05-18 21:32:41,Susan,Wilson,Female,37,MA,Direct
929,2025-09-27 23:03:41,Robert,Harris,Male,30,FL,Paid Search
930,2025-10-22 05:58:41,Karen,Martin,Female,35,GA,Referral
931,2026-03-10 17:45:41,James,Lopez,Male,23,TN,Paid Search
932,2026-03-04 13:23:41,Daniel,Lee,Female,41,PA,Email Marketing
933,2025-07-03 06:41:41,Jennifer,Miller,Male,32,NY,Email Marketing
934,2025-07-29 04:14:41,Linda,White,Female,60,OH,Paid Search
935,2025-12-09 13:11:41,Joseph,Ramirez,Male,57,TN,Direct
936,2026-01-06 21:35:41,Linda,Wilson,Female,43,NY,Referral
937,2026-05-20 21:05:41,Richard,Martin,Male,65,MO,Referral
938,2025-07-17 05:48:41,Mary,Taylor,Female,24,MA,Email Marketing
939,2026-01-10 15:03:41,Sarah,Gonzalez,Male,65,NY,Referral
940,2026-01-15 08:04:41,Christopher,Johnson,Female,30,MI,Email Marketing
941,2025-11-23 18:13:41,Anthony,Martinez,Male,47,PA,Email Marketing
942,2026-05-22 12:20:41,Mary,Thompson,Female,51,IL,Email Marketing
943,2026-06-17 15:23:41,Lisa,Taylor,Male,25,PA,Referral
944,2025-09-25 12:52:41,Richard,Wilson,Female,38,MA,Organic Search
945,2025-11-01 08:59:41,Mark,Thompson,Male,30,MA,Organic Search
946,2025-08-28 00:22:41,Christopher,Robinson,Female,63,PA,Direct
947,2026-03-21 20:39:41,Daniel,Anderson,Male,58,AZ,Organic Search
948,2026-04-03 10:17:41,Lisa,Sanchez,Female,50,PA,Email Marketing
949,2025-09-08 04:04:41,Matthew,Garcia,Male,39,IL,Paid Search
950,2026-02-09 07:55:41,Daniel,Johnson,Female,44,MI,Social Media
951,2026-05-10 06:15:41,Jennifer,Brown,Male,26,OH,Organic Search
952,2026-05-03 13:30:41,Joseph,Thomas,Female,49,MO,Organic Search
953,2026-01-21 12:20:41,Michael,Jackson,Male,60,TN,Email Marketing
954,2025-11-15 17:55:41,Karen,Martin,Female,18,GA,Referral
955,2025-09-28 02:18:41,Sarah,Clark,Male,70,OH,Organic Search
956,2026-06-02 17:08:41,Christopher,Lopez,Female,20,IL,Organic Search
957,2025-08-20 11:26:41,Karen,Martinez,Male,39,TX,Organic Search
958,2026-02-14 21:52:41,Jennifer,Perez,Female,36,MO,Paid Search
959,2025-12-08 10:12:41,Barbara,Robinson,Male,20,TX,Social Media
960,2025-07-29 07:45:41,Richard,Clark,Female,22,VA,Referral
961,2026-03-22 11:48:41,Robert,Brown,Male,62,NC,Social Media
962,2026-04-14 21:55:41,Michael,Thompson,Female,31,NY,Organic Search
963,2026-05-03 08:31:41,Thomas,Williams,Male,48,MI,Email Marketing
964,2026-05-06 16:46:41,Thomas,Jackson,Female,57,AZ,Paid Search
965,2025-09-26 17:29:41,Thomas,White,Male,58,TN,Email Marketing
966,2025-07-08 12:55:41,Daniel,Martinez,Female,30,CA,Organic Search
967,2026-01-24 11:17:41,Betty,Brown,Male,65,OH,Referral
968,2026-05-19 04:59:41,David,Lopez,Female,53,OH,Organic Search
969,2025-11-26 14:50:41,Elizabeth,Rodriguez,Male,68,TX,Social Media
970,2025-12-13 08:40:41,David,Harris,Female,18,FL,Direct
971,2025-10-03 09:08:41,Lisa,Jackson,Male,57,CA,Paid Search
972,2025-07-14 18:23:41,David,Robinson,Female,61,TN,Email Marketing
973,2025-12-14 13:05:41,Jessica,Jones,Male,58,MA,Referral
974,2025-11-26 17:01:41,Anthony,Wilson,Female,65,NY,Referral
975,2025-10-10 16:58:41,Nancy,Hernandez,Male,53,MO,Organic Search
976,2025-09-10 07:08:41,David,Sanchez,Female,68,AZ,Organic Search
977,2026-04-14 17:39:41,James,Hernandez,Male,42,MO,Paid Search
978,2025-12-04 20:17:41,Jennifer,Martin,Female,25,MI,Direct
979,2026-01-02 13:08:41,William,Wilson,Male,23,TN,Paid Search
980,2025-08-22 10:05:41,Elizabeth,Miller,Female,51,MI,Paid Search
981,2026-03-11 23:06:41,Mary,Harris,Male,30,TX,Email Marketing
982,2025-12-17 14:01:41,Jessica,Lewis,Female,50,IL,Paid Search
983,2025-08-15 14:58:41,Margaret,Taylor,Male,37,WA,Paid Search
984,2026-01-10 21:10:41,Robert,Miller,Female,64,NY,Email Marketing
985,2026-06-12 18:10:41,Thomas,Brown,Male,18,MI,Organic Search
986,2026-03-19 20:02:41,John,Hernandez,Female,47,NY,Organic Search
987,2025-10-11 08:27:41,Elizabeth,Smith,Male,54,MI,Direct
988,2026-02-06 19:22:41,Michael,Martinez,Female,35,MO,Social Media
989,2025-07-03 17:50:41,William,Jones,Male,28,NC,Organic Search
990,2026-04-03 08:32:41,Thomas,Brown,Female,31,MO,Social Media
991,2025-10-29 03:19:41,Robert,Thompson,Male,69,MI,Referral
992,2025-07-21 02:16:41,Elizabeth,Martin,Female,39,MO,Email Marketing
993,2026-01-07 23:20:41,Jessica,Lewis,Male,61,NY,Organic Search
994,2025-12-25 07:36:41,Susan,Gonzalez,Female,29,MA,Referral
995,2026-02-19 16:23:41,Anthony,Miller,Male,63,MO,Organic Search
996,2026-02-14 07:58:41,John,Clark,Female,69,MA,Organic Search
997,2025-10-22 05:24:41,Christopher,Thompson,Male,67,MA,Email Marketing
998,2026-01-12 03:59:41,Margaret,Lewis,Female,57,NC,Social Media
999,2026-03-01 22:19:41,Sandra,Perez,Male,39,WA,Email Marketing
1000,2025-09-21 08:04:41,Jessica,Brown,Female,40,TN,Email Marketing
1001,2025-08-17 11:07:41,Barbara,Martin,Male,54,IL,Referral
1002,2026-05-24 01:05:41,Daniel,Sanchez,Female,24,WA,Referral
1003,2026-01-23 05:54:41,Elizabeth,Moore,Male,47,CO,Referral
1004,2025-07-29 08:28:41,Linda,Moore,Female,28,TN,Email Marketing
1005,2026-04-12 08:49:41,Anthony,Thompson,Male,55,VA,Email Marketing
1006,2026-04-15 13:22:41,Daniel,Davis,Female,29,TX,Direct
1007,2025-08-14 12:26:41,Charles,Martin,Male,47,WA,Referral
1008,2026-04-27 10:35:41,Elizabeth,Gonzalez,Female,22,FL,Direct
1009,2025-10-15 03:11:41,Jessica,Lee,Male,60,NY,Organic Search
1010,2026-05-30 02:43:41,Charles,Lewis,Female,66,CA,Paid Search
1011,2025-10-09 20:11:41,Sarah,Martinez,Male,42,MA,Paid Search
1012,2025-12-19 00:52:41,David,Martinez,Female,54,MI,Email Marketing
1013,2025-11-22 23:38:41,James,Martin,Male,50,CO,Paid Search
1014,2026-04-08 09:22:41,Mark,Moore,Female,21,CA,Direct
1015,2026-06-20 16:40:41,Margaret,Martinez,Male,19,GA,Email Marketing
1016,2026-01-07 11:49:41,Christopher,Hernandez,Female,63,CO,Email Marketing
1017,2025-09-30 15:39:41,Michael,Perez,Male,29,TN,Paid Search
1018,2025-11-20 19:23:41,Anthony,Robinson,Female,41,VA,Paid Search
1019,2026-03-02 19:42:41,Robert,Smith,Male,22,CA,Paid Search
1020,2026-06-17 18:14:41,Robert,Williams,Female,26,VA,Email Marketing
1021,2026-01-29 16:07:41,Susan,Martin,Male,29,MA,Referral
1022,2026-01-29 17:15:41,Joseph,Gonzalez,Female,40,GA,Paid Search
1023,2026-03-09 06:41:41,Charles,Thomas,Male,64,GA,Direct
1024,2025-07-15 16:45:41,Sandra,Moore,Female,54,AZ,Organic Search
1025,2025-08-05 03:01:41,Daniel,Lopez,Male,25,TN,Direct
1026,2026-03-17 00:48:41,Lisa,Taylor,Female,66,NC,Email Marketing
1027,2026-05-14 21:57:41,Mark,Martin,Male,23,GA,Email Marketing
1028,2025-12-02 17:18:41,Nancy,Williams,Female,61,MO,Referral
1029,2026-02-13 15:12:41,Mark,Hernandez,Male,52,CA,Email Marketing
1030,2025-12-23 07:33:41,Jessica,Jackson,Female,64,WA,Email Marketing
1031,2026-04-10 06:18:41,Jennifer,Johnson,Male,62,MI,Direct
1032,2025-07-22 19:33:41,Christopher,Thomas,Female,55,PA,Referral
1033,2026-03-01 00:23:41,Betty,White,Male,57,CA,Social Media
1034,2025-09-01 17:32:41,Thomas,Williams,Female,68,NC,Social Media
1035,2025-08-22 17:26:41,William,Ramirez,Male,34,CA,Direct
1036,2026-02-09 10:06:41,Sandra,Jackson,Female,65,IL,Direct
1037,2025-09-26 15:10:41,Jennifer,Rodriguez,Male,68,GA,Email Marketing
1038,2025-09-12 14:03:41,Mary,Hernandez,Female,23,IL,Referral
1039,2026-02-06 21:55:41,Susan,Harris,Male,42,GA,Direct
1040,2026-05-20 07:03:41,Jennifer,Miller,Female,54,AZ,Organic Search
1041,2026-01-16 13:34:41,Anthony,Brown,Male,21,PA,Email Marketing
1042,2026-01-06 20:00:41,Jessica,White,Female,66,MO,Paid Search
1043,2026-02-02 22:33:41,Richard,Thomas,Male,34,IL,Referral
1044,2025-12-04 14:58:41,Sandra,Sanchez,Female,46,CO,Direct
1045,2026-05-04 19:09:41,Mary,Brown,Male,52,AZ,Email Marketing
1046,2025-11-03 18:52:41,William,Hernandez,Female,35,NC,Organic Search
1047,2026-06-05 17:04:41,Richard,Anderson,Male,67,GA,Direct
1048,2026-04-01 22:58:41,Michael,Taylor,Female,39,PA,Social Media
1049,2025-08-15 14:21:41,James,Clark,Male,22,CA,Email Marketing
1050,2025-11-18 06:27:41,Nancy,Anderson,Female,40,GA,Direct
1051,2026-04-26 20:12:41,Mary,Smith,Male,57,TX,Organic Search
1052,2025-08-26 01:09:41,Anthony,Miller,Female,56,FL,Direct
1053,2026-06-17 03:31:41,Karen,Jones,Male,42,PA,Organic Search
1054,2026-02-13 07:04:41,Elizabeth,Anderson,Female,60,TX,Direct
1055,2025-09-16 00:32:41,Susan,Thompson,Male,60,WA,Social Media
1056,2025-07-26 07:07:41,Matthew,Johnson,Female,42,CO,Social Media
1057,2025-10-06 17:40:41,William,Garcia,Male,46,TX,Email Marketing
1058,2026-03-29 11:28:41,Jennifer,Lee,Female,49,FL,Paid Search
1059,2025-11-05 01:17:41,Karen,Lee,Male,24,MA,Direct
1060,2025-07-05 13:24:41,John,Williams,Female,54,NC,Email Marketing
1061,2026-01-11 06:24:41,Christopher,Lee,Male,18,NY,Direct
1062,2026-03-04 13:42:41,Daniel,Hernandez,Female,43,CA,Referral
1063,2025-10-18 22:39:41,Richard,Ramirez,Male,64,TX,Referral
1064,2026-04-12 16:14:41,Daniel,Clark,Female,67,TN,Organic Search
1065,2025-07-24 18:56:41,Barbara,Hernandez,Male,61,MI,Email Marketing
1066,2026-02-16 07:56:41,John,Lopez,Female,52,WA,Organic Search
1067,2026-05-30 04:34:41,Michael,Garcia,Male,53,NY,Email Marketing
1068,2025-08-08 18:43:41,Daniel,Gonzalez,Female,24,AZ,Email Marketing
1069,2025-07-08 21:52:41,Lisa,Miller,Male,26,NY,Paid Search
1070,2026-05-21 07:46:41,Linda,Thomas,Female,42,TX,Referral
1071,2025-07-14 08:18:41,Sarah,Clark,Male,69,MA,Organic Search
1072,2025-08-25 05:06:41,David,Sanchez,Female,64,NY,Email Marketing
1073,2026-03-27 03:02:41,Christopher,Perez,Male,51,MA,Direct
1074,2025-09-06 13:56:41,Charles,Davis,Female,22,NY,Direct
1075,2026-06-20 18:23:41,James,Thomas,Male,57,NY,Paid Search
1076,2025-08-14 12:54:41,James,Garcia,Female,58,NY,Social Media
1077,2025-08-23 13:53:41,Jennifer,Clark,Male,55,TX,Organic Search
1078,2026-01-30 09:06:41,Betty,Martin,Female,32,TX,Paid Search
1079,2025-08-26 19:51:41,Anthony,White,Male,61,CO,Social Media
1080,2026-04-25 03:36:41,Sarah,Jones,Female,38,OH,Organic Search
1081,2025-09-20 20:38:41,John,Brown,Male,35,IL,Email Marketing
1082,2025-07-16 02:21:41,Sarah,Garcia,Female,46,GA,Referral
1083,2025-07-04 13:20:41,Betty,Ramirez,Male,58,CO,Paid Search
1084,2026-05-25 17:11:41,James,Smith,Female,29,TX,Direct
1085,2025-08-29 04:24:41,Elizabeth,Wilson,Male,62,TN,Direct
1086,2025-10-26 03:54:41,Christopher,Rodriguez,Female,51,MA,Email Marketing
1087,2026-03-08 17:20:41,Daniel,Johnson,Male,56,PA,Direct
1088,2026-01-25 22:50:41,Christopher,Clark,Female,68,MI,Social Media
1089,2026-05-08 10:10:41,Linda,Miller,Male,25,IN,Organic Search
1090,2026-05-12 19:28:41,Matthew,Moore,Female,50,GA,Email Marketing
1091,2026-06-11 13:46:41,William,Johnson,Male,30,FL,Paid Search
1092,2026-05-22 09:33:41,Jennifer,Garcia,Female,60,NY,Organic Search
1093,2026-02-12 23:21:41,Michael,Wilson,Male,34,WA,Referral
1094,2025-07-10 13:47:41,Lisa,Johnson,Female,52,PA,Paid Search
1095,2026-04-18 08:41:41,Patricia,Williams,Male,33,MA,Referral
1096,2025-08-21 08:29:41,Michael,White,Female,61,WA,Paid Search
1097,2026-01-04 05:19:41,Patricia,Davis,Male,65,VA,Paid Search
1098,2025-09-08 05:14:41,Jessica,Jackson,Female,49,NY,Email Marketing
1099,2025-09-03 13:01:41,Karen,Anderson,Male,29,CO,Social Media
1100,2025-12-14 02:17:41,Michael,Lee,Female,40,NC,Paid Search
1101,2025-08-21 12:44:41,Daniel,Jackson,Male,21,NC,Paid Search
1102,2025-11-24 17:25:41,Susan,Garcia,Female,66,WA,Paid Search
1103,2026-04-05 05:20:41,Betty,Sanchez,Male,58,PA,Referral
1104,2026-04-24 14:08:41,Susan,Ramirez,Female,51,TN,Paid Search
1105,2025-10-30 05:35:41,Joseph,Rodriguez,Male,18,VA,Direct
1106,2025-06-28 11:17:41,Susan,Jackson,Female,32,IL,Referral
1107,2026-01-29 14:40:41,Mary,Thomas,Male,64,IN,Organic Search
1108,2026-03-06 05:20:41,Jessica,Sanchez,Female,69,FL,Email Marketing
1109,2025-09-01 09:33:41,Sarah,Harris,Male,18,VA,Paid Search
1110,2026-06-03 07:25:41,Linda,Lee,Female,23,CA,Email Marketing
1111,2026-02-18 03:10:41,Daniel,Anderson,Male,54,CA,Email Marketing
1112,2026-02-18 20:55:41,Daniel,Gonzalez,Female,29,AZ,Direct
1113,2026-06-14 08:48:41,James,Ramirez,Male,58,TX,Email Marketing
1114,2026-05-05 15:51:41,Mary,Martinez,Female,45,NC,Direct
1115,2025-12-14 22:14:41,Betty,Miller,Male,68,TX,Referral
1116,2025-08-21 10:38:41,Mary,Taylor,Female,61,AZ,Organic Search
1117,2025-09-23 18:50:41,Joseph,Martin,Male,20,AZ,Social Media
1118,2025-12-14 05:49:41,Daniel,Williams,Female,53,OH,Paid Search
1119,2025-10-19 08:37:41,Patricia,Lee,Male,48,OH,Direct
1120,2025-07-23 00:38:41,Mark,Rodriguez,Female,50,VA,Social Media
1121,2025-08-27 14:00:41,Barbara,Anderson,Male,49,IN,Referral
1122,2026-02-12 17:38:41,Sarah,Perez,Female,70,MO,Social Media
1123,2026-02-15 00:20:41,Betty,Perez,Male,62,TX,Paid Search
1124,2025-08-20 03:32:41,Richard,Lewis,Female,29,MI,Organic Search
1125,2025-10-08 14:55:41,Patricia,Thompson,Male,27,TN,Paid Search
1126,2026-02-23 09:41:41,James,Martinez,Female,44,MO,Paid Search
1127,2025-09-30 00:16:41,Joseph,White,Male,59,CA,Social Media
1128,2025-12-14 11:52:41,Margaret,Sanchez,Female,32,IN,Direct
1129,2026-04-25 19:59:41,David,Lee,Male,59,WA,Email Marketing
1130,2025-11-28 16:23:41,Thomas,Clark,Female,53,MA,Email Marketing
1131,2025-10-20 13:38:41,Mark,Sanchez,Male,37,PA,Social Media
1132,2025-11-18 12:25:41,Elizabeth,Harris,Female,21,IL,Social Media
1133,2025-09-27 04:08:41,Karen,Robinson,Male,28,MO,Social Media
1134,2025-10-25 01:17:41,Daniel,Thompson,Female,60,IL,Paid Search
1135,2026-01-01 03:28:41,David,Jackson,Male,26,MA,Social Media
1136,2025-09-09 09:43:41,Sarah,Thompson,Female,20,WA,Social Media
1137,2025-07-08 11:14:41,Sarah,Garcia,Male,52,MI,Organic Search
1138,2025-09-12 23:02:41,Jessica,Harris,Female,27,MA,Social Media
1139,2025-11-21 16:57:41,Sarah,Taylor,Male,39,MI,Email Marketing
1140,2026-06-13 02:01:41,Robert,Sanchez,Female,54,MA,Social Media
1141,2026-04-04 01:34:41,Jessica,Lewis,Male,20,IL,Direct
1142,2025-12-25 00:35:41,James,Gonzalez,Female,57,GA,Email Marketing
1143,2026-03-22 06:05:41,Mary,Martin,Male,59,OH,Referral
1144,2025-08-07 16:09:41,Sandra,Harris,Female,35,OH,Organic Search
1145,2026-01-13 04:46:41,Joseph,Perez,Male,60,TX,Referral
1146,2026-06-02 09:40:41,David,Martin,Female,56,IN,Organic Search
1147,2026-01-01 22:33:41,Robert,Thompson,Male,45,AZ,Email Marketing
1148,2025-08-09 05:01:41,Barbara,Lopez,Female,37,MA,Referral
1149,2025-11-20 04:06:41,Mark,Anderson,Male,65,VA,Email Marketing
1150,2026-04-22 17:20:41,Lisa,Lewis,Female,45,VA,Paid Search
1151,2025-12-14 01:14:41,Robert,Miller,Male,37,TN,Referral
1152,2026-01-21 19:13:41,Charles,Harris,Female,42,TX,Organic Search
1153,2026-04-12 02:27:41,William,Wilson,Male,29,MO,Email Marketing
1154,2026-03-04 00:07:41,Jennifer,Clark,Female,42,MI,Referral
1155,2026-04-08 21:44:41,Anthony,Martinez,Male,55,MI,Email Marketing
1156,2025-11-07 07:55:41,Linda,Smith,Female,68,CA,Paid Search
1157,2026-06-01 07:41:41,Anthony,Lee,Male,48,FL,Direct
1158,2025-08-26 06:46:41,Jennifer,Thomas,Female,62,GA,Organic Search
1159,2026-02-27 16:42:41,John,Martin,Male,65,AZ,Referral
1160,2025-08-26 09:47:41,Margaret,Rodriguez,Female,58,TN,Direct
1161,2026-04-18 23:24:41,Lisa,Jackson,Male,19,NC,Paid Search
1162,2025-09-16 23:32:41,David,Anderson,Female,62,IL,Social Media
1163,2025-11-21 07:48:41,Barbara,Wilson,Male,58,AZ,Organic Search
1164,2026-05-13 04:03:41,Christopher,Robinson,Female,22,IN,Paid Search
1165,2025-12-08 09:07:41,Patricia,Martin,Male,66,PA,Referral
1166,2026-06-11 20:59:41,Margaret,Perez,Female,69,MI,Social Media
1167,2025-07-02 02:48:41,Barbara,Brown,Male,52,AZ,Paid Search
1168,2025-12-17 03:21:41,Elizabeth,Lopez,Female,67,TN,Email Marketing
1169,2026-04-08 17:59:41,Michael,Jones,Male,50,GA,Paid Search
1170,2025-08-23 11:44:41,Anthony,Taylor,Female,52,MO,Direct
1171,2026-02-26 09:34:41,Sandra,Williams,Male,25,IL,Organic Search
1172,2026-03-20 08:26:41,Daniel,Lopez,Female,26,MA,Referral
1173,2025-08-30 20:24:41,Daniel,Martinez,Male,19,FL,Paid Search
1174,2025-08-31 00:42:41,Daniel,Davis,Female,37,IL,Paid Search
1175,2025-07-05 14:03:41,Daniel,Harris,Male,68,FL,Organic Search
1176,2026-05-29 14:52:41,Susan,Johnson,Female,30,FL,Organic Search
1177,2025-07-29 07:57:41,Mary,Thomas,Male,25,NC,Organic Search
1178,2025-10-09 17:12:41,James,Harris,Female,24,FL,Referral
1179,2025-08-11 03:09:41,Michael,Garcia,Male,60,AZ,Organic Search
1180,2025-09-16 15:04:41,Lisa,Rodriguez,Female,55,AZ,Social Media
1181,2025-07-30 02:07:41,Lisa,Martin,Male,33,IN,Referral
1182,2025-10-02 07:25:41,Charles,Harris,Female,18,IN,Paid Search
1183,2025-08-15 05:13:41,Mark,Harris,Male,52,CA,Direct
1184,2026-06-18 16:26:41,Thomas,Ramirez,Female,63,TN,Social Media
1185,2026-01-06 11:28:41,Joseph,Perez,Male,24,PA,Social Media
1186,2025-08-28 12:22:41,Thomas,Davis,Female,44,FL,Social Media
1187,2025-11-20 16:01:41,Thomas,Jones,Male,49,AZ,Direct
1188,2026-01-09 07:44:41,Mary,Williams,Female,38,TN,Organic Search
1189,2026-04-05 11:33:41,Karen,White,Male,37,MA,Paid Search
1190,2026-06-08 09:26:41,Margaret,Wilson,Female,30,TX,Email Marketing
1191,2026-02-05 14:57:41,James,Perez,Male,49,FL,Email Marketing
1192,2026-01-17 20:52:41,Nancy,Williams,Female,25,IL,Email Marketing
1193,2025-10-05 08:27:41,Patricia,White,Male,28,TX,Social Media
1194,2026-01-29 21:46:41,Karen,Ramirez,Female,43,FL,Paid Search
1195,2026-01-16 09:45:41,William,Harris,Male,63,NC,Direct
1196,2025-11-15 03:04:41,Nancy,Martin,Female,43,TN,Referral
1197,2026-03-07 05:55:41,Joseph,Brown,Male,25,NC,Email Marketing
1198,2026-03-08 19:16:41,Robert,Smith,Female,24,NY,Organic Search
1199,2025-11-28 17:54:41,Jennifer,Gonzalez,Male,56,WA,Paid Search
1200,2026-02-19 04:33:41,Patricia,Harris,Female,22,IN,Email Marketing
1201,2026-03-30 09:06:41,Nancy,Thomas,Male,49,IN,Social Media
1202,2026-02-01 01:39:41,Margaret,Moore,Female,52,CA,Organic Search
1203,2025-07-13 23:26:41,Joseph,Hernandez,Male,42,MA,Email Marketing
1204,2025-09-18 13:42:41,Sarah,Perez,Female,67,MI,Direct
1205,2025-08-21 16:58:41,Robert,Martinez,Male,63,CO,Email Marketing
1206,2026-02-21 13:50:41,Jessica,Perez,Female,53,MO,Referral
1207,2025-11-07 13:52:41,Margaret,Garcia,Male,50,NY,Email Marketing
1208,2025-12-06 23:16:41,Richard,Martin,Female,61,AZ,Social Media
1209,2026-04-19 23:03:41,Charles,Johnson,Male,26,AZ,Social Media
1210,2026-01-31 09:37:41,Mark,Lee,Female,39,CO,Organic Search
1211,2025-10-24 18:34:41,Susan,Lopez,Male,21,GA,Paid Search
1212,2025-08-23 08:25:41,Charles,Williams,Female,62,TX,Social Media
1213,2026-05-28 11:51:41,James,Moore,Male,38,NY,Email Marketing
1214,2026-06-17 13:52:41,Thomas,Lewis,Female,44,NC,Organic Search
1215,2026-04-15 02:06:41,James,Hernandez,Male,42,CO,Social Media
1216,2026-03-07 15:06:41,Jessica,Brown,Female,62,OH,Social Media
1217,2025-11-26 09:42:41,Matthew,Perez,Male,39,PA,Referral
1218,2025-10-13 07:31:41,Michael,Thomas,Female,58,TX,Referral
1219,2026-05-11 21:20:41,Mary,Martinez,Male,54,CO,Paid Search
1220,2025-12-15 06:19:41,Daniel,Ramirez,Female,55,FL,Referral
1221,2025-10-11 10:05:41,Charles,Sanchez,Male,51,TN,Email Marketing
1222,2025-11-26 11:57:41,John,Lee,Female,70,MI,Referral
1223,2025-11-01 17:47:41,Sarah,Hernandez,Male,30,VA,Email Marketing
1224,2025-07-05 19:00:41,Joseph,Perez,Female,66,MO,Paid Search
1225,2026-05-30 21:44:41,Thomas,Ramirez,Male,29,TN,Paid Search
1226,2026-02-03 17:01:41,William,Robinson,Female,58,MO,Referral
1227,2026-02-17 02:30:41,Christopher,Johnson,Male,51,OH,Social Media
1228,2026-01-22 09:10:41,Robert,White,Female,61,MI,Email Marketing
1229,2025-11-09 07:56:41,Anthony,Robinson,Male,22,OH,Email Marketing
1230,2025-10-26 01:24:41,Jennifer,Rodriguez,Female,61,GA,Email Marketing
1231,2026-03-01 15:42:41,Michael,Smith,Male,33,MI,Email Marketing
1232,2025-11-12 02:16:41,Susan,Lee,Female,20,OH,Paid Search
1233,2026-04-03 03:56:41,William,Sanchez,Male,69,NC,Direct
1234,2025-07-24 00:35:41,Margaret,Johnson,Female,64,TN,Organic Search
1235,2026-06-04 20:11:41,Karen,Martinez,Male,22,VA,Social Media
1236,2025-08-22 17:02:41,John,Gonzalez,Female,64,IL,Paid Search
1237,2026-04-19 14:31:41,Thomas,Robinson,Male,25,IN,Direct
1238,2025-08-27 08:36:41,Jessica,Lewis,Female,23,GA,Referral
1239,2025-10-24 11:28:41,Anthony,Jackson,Male,65,CO,Direct
1240,2026-02-06 11:31:41,Robert,Brown,Female,29,OH,Social Media
1241,2026-01-03 20:22:41,Margaret,Jackson,Male,21,TN,Referral
1242,2025-10-30 07:11:41,David,Moore,Female,45,TN,Direct
1243,2025-12-31 07:16:41,Betty,Robinson,Male,27,AZ,Email Marketing
1244,2026-05-30 23:59:41,Christopher,Lewis,Female,56,NY,Direct
1245,2026-04-04 10:34:41,Sandra,Sanchez,Male,60,GA,Social Media
1246,2025-10-25 12:39:41,Christopher,Thompson,Female,41,FL,Referral
1247,2025-08-11 05:34:41,James,Robinson,Male,43,NC,Social Media
1248,2025-12-05 18:41:41,Michael,Ramirez,Female,28,MA,Direct
1249,2026-02-22 21:41:41,Betty,Johnson,Male,35,TX,Email Marketing
1250,2025-09-16 20:31:41,Sandra,Clark,Female,39,VA,Organic Search
1251,2026-04-02 21:35:41,Thomas,Williams,Male,40,VA,Referral
1252,2026-05-20 03:55:41,Joseph,Thompson,Female,19,NY,Direct
1253,2026-01-17 04:55:41,Joseph,Sanchez,Male,59,IL,Organic Search
1254,2025-09-14 05:48:41,Elizabeth,Hernandez,Female,54,TX,Organic Search
1255,2026-06-12 12:05:41,Daniel,Harris,Male,59,IL,Referral
1256,2025-09-22 19:52:41,David,Anderson,Female,48,IL,Social Media
1257,2025-08-08 11:38:41,Anthony,Hernandez,Male,69,MI,Paid Search
1258,2025-07-07 15:56:41,Jennifer,Gonzalez,Female,42,GA,Organic Search
1259,2025-10-05 06:59:41,Karen,Lee,Male,32,TX,Email Marketing
1260,2026-01-31 17:31:41,Margaret,Garcia,Female,21,CO,Referral
1261,2025-08-24 23:00:41,Robert,Williams,Male,41,PA,Referral
1262,2026-03-06 01:29:41,Thomas,Wilson,Female,67,MA,Direct
1263,2026-03-06 10:23:41,Daniel,Miller,Male,30,NC,Social Media
1264,2026-06-07 04:41:41,Susan,Ramirez,Female,31,OH,Social Media
1265,2025-11-21 06:30:41,Jennifer,Wilson,Male,68,IL,Organic Search
1266,2026-06-11 18:44:41,Karen,Anderson,Female,33,AZ,Referral
1267,2026-06-15 10:58:41,John,Smith,Male,48,IL,Social Media
1268,2026-04-27 06:19:41,Michael,Thompson,Female,42,VA,Direct
1269,2025-10-24 14:13:41,Patricia,Moore,Male,21,NY,Social Media
1270,2025-11-02 14:54:41,Barbara,Martin,Female,60,NY,Organic Search
1271,2026-04-07 23:52:41,Richard,Martinez,Male,43,AZ,Paid Search
1272,2025-12-16 12:23:41,Jennifer,Rodriguez,Female,28,IN,Email Marketing
1273,2025-09-06 06:22:41,John,Hernandez,Male,63,IN,Email Marketing
1274,2025-12-27 11:33:41,David,Johnson,Female,26,TN,Social Media
1275,2025-12-03 12:12:41,Mark,Lewis,Male,34,NC,Referral
1276,2026-04-06 19:55:41,Jennifer,Hernandez,Female,65,TN,Paid Search
1277,2025-07-23 05:26:41,Betty,Anderson,Male,21,OH,Paid Search
1278,2026-02-20 11:22:41,Mary,Thomas,Female,34,PA,Direct
1279,2025-12-25 20:50:41,Mark,Robinson,Male,49,NY,Email Marketing
1280,2025-09-09 01:37:41,Jessica,Anderson,Female,49,FL,Direct
1281,2026-03-13 06:51:41,John,Miller,Male,36,PA,Paid Search
1282,2025-06-28 15:04:41,Mark,Perez,Female,55,OH,Referral
1283,2026-03-08 19:21:41,Charles,Garcia,Male,44,TX,Paid Search
1284,2026-06-09 01:40:41,Mark,Hernandez,Female,19,MI,Direct
1285,2025-07-10 00:44:41,Barbara,Jackson,Male,24,WA,Paid Search
1286,2026-05-13 06:53:41,Anthony,Thompson,Female,60,TN,Email Marketing
1287,2026-05-10 12:35:41,Nancy,Smith,Male,39,NY,Direct
1288,2025-07-20 18:33:41,Lisa,White,Female,69,IL,Paid Search
1289,2026-04-30 10:20:41,David,Sanchez,Male,21,TX,Referral
1290,2025-08-09 23:09:41,Richard,Rodriguez,Female,29,GA,Email Marketing
1291,2026-05-23 18:24:41,Michael,Garcia,Male,42,CO,Social Media
1292,2025-12-01 19:53:41,Patricia,Martinez,Female,49,VA,Direct
1293,2026-03-15 04:46:41,Robert,Lopez,Male,60,FL,Social Media
1294,2026-04-10 17:42:41,Joseph,Lewis,Female,42,TN,Social Media
1295,2025-09-29 11:55:41,John,Harris,Male,45,AZ,Referral
1296,2026-02-18 19:29:41,Susan,Williams,Female,20,IN,Social Media
1297,2026-03-22 18:56:41,Christopher,Perez,Male,63,IL,Email Marketing
1298,2025-08-05 13:34:41,Thomas,Williams,Female,36,MA,Email Marketing
1299,2026-03-20 11:33:41,Robert,Jones,Male,61,MI,Paid Search
1300,2026-03-15 01:47:41,Charles,Johnson,Female,53,TX,Organic Search
1301,2026-04-13 06:37:41,Susan,Wilson,Male,24,MA,Direct
1302,2025-08-23 21:57:41,William,Jackson,Female,23,IN,Organic Search
1303,2025-07-19 00:41:41,Joseph,Garcia,Male,68,PA,Email Marketing
1304,2026-02-13 19:43:41,Mark,Thompson,Female,37,WA,Referral
1305,2025-10-12 03:20:41,Karen,Sanchez,Male,34,WA,Paid Search
1306,2026-03-25 22:15:41,Lisa,Martin,Female,34,FL,Email Marketing
1307,2026-02-25 12:59:41,Richard,Brown,Male,18,PA,Direct
1308,2026-05-08 17:38:41,Richard,Ramirez,Female,60,TN,Social Media
1309,2025-08-09 02:23:41,Daniel,Perez,Male,62,CO,Social Media
1310,2025-09-29 22:28:41,James,Miller,Female,25,CA,Direct
1311,2026-05-12 15:27:41,Jessica,Lee,Male,27,GA,Email Marketing
1312,2026-02-23 11:16:41,John,Martinez,Female,67,MA,Paid Search
1313,2026-02-21 23:10:41,Patricia,Garcia,Male,27,MA,Email Marketing
1314,2026-04-13 10:18:41,Joseph,Jackson,Female,33,OH,Social Media
1315,2026-03-06 21:52:41,David,Smith,Male,24,VA,Email Marketing
1316,2026-03-02 10:46:41,Karen,White,Female,53,MI,Organic Search
1317,2025-07-27 14:16:41,Thomas,Jackson,Male,64,TN,Paid Search
1318,2025-11-10 18:41:41,Susan,Jackson,Female,38,MO,Organic Search
1319,2026-05-22 09:43:41,Mark,Thomas,Male,25,TN,Referral
1320,2025-10-02 13:37:41,Daniel,Wilson,Female,19,PA,Social Media
1321,2026-06-11 09:13:41,Joseph,Davis,Male,50,GA,Referral
1322,2025-11-23 22:00:41,Karen,Ramirez,Female,63,MA,Paid Search
1323,2025-09-16 17:28:41,Richard,Wilson,Male,61,AZ,Email Marketing
1324,2026-02-28 02:26:41,Elizabeth,Thompson,Female,65,TX,Direct
1325,2026-01-24 13:34:41,Michael,Garcia,Male,56,TN,Organic Search
1326,2025-12-26 06:37:41,Linda,Miller,Female,53,NY,Organic Search
1327,2025-07-28 08:42:41,Nancy,Garcia,Male,29,IN,Organic Search
1328,2025-10-18 13:31:41,Patricia,Martin,Female,32,FL,Referral
1329,2025-11-09 03:09:41,David,Sanchez,Male,40,NY,Referral
1330,2025-07-21 13:06:41,Daniel,Ramirez,Female,50,FL,Direct
1331,2026-05-04 18:05:41,Joseph,Clark,Male,66,FL,Organic Search
1332,2026-03-12 01:25:41,Margaret,Brown,Female,70,MO,Organic Search
1333,2025-11-22 20:43:41,Christopher,Brown,Male,31,AZ,Paid Search
1334,2026-05-23 09:36:41,Matthew,Taylor,Female,49,FL,Paid Search
1335,2026-01-23 22:30:41,Anthony,Jones,Male,25,OH,Email Marketing
1336,2026-03-11 03:20:41,Anthony,Sanchez,Female,48,WA,Social Media
1337,2026-05-14 19:30:41,William,Lopez,Male,63,VA,Social Media
1338,2025-10-20 03:06:41,Robert,Harris,Female,66,IN,Email Marketing
1339,2026-06-10 09:16:41,Susan,Wilson,Male,44,MA,Referral
1340,2026-03-17 00:20:41,Joseph,Jones,Female,67,CA,Direct
1341,2025-07-27 11:03:41,David,Hernandez,Male,43,PA,Email Marketing
1342,2025-07-25 19:00:41,Mary,Perez,Female,59,IL,Referral
1343,2026-01-17 19:59:41,Betty,Perez,Male,51,MI,Email Marketing
1344,2025-06-30 07:12:41,Sarah,Ramirez,Female,37,WA,Social Media
1345,2026-05-21 05:11:41,Thomas,Martin,Male,27,CO,Email Marketing
1346,2025-12-19 18:40:41,Sarah,Martin,Female,68,MA,Direct
1347,2026-03-28 08:39:41,Matthew,Miller,Male,37,TX,Organic Search
1348,2026-03-29 07:28:41,Lisa,White,Female,65,IL,Referral
1349,2025-12-17 18:25:41,John,Taylor,Male,53,MI,Referral
1350,2025-11-05 06:08:41,James,Smith,Female,68,MO,Referral
1351,2025-08-21 21:18:41,Matthew,Martinez,Male,64,VA,Referral
1352,2025-08-28 00:03:41,Anthony,Lopez,Female,34,IN,Social Media
1353,2025-06-28 12:36:41,Christopher,Brown,Male,46,MI,Referral
1354,2025-10-23 09:34:41,Linda,Sanchez,Female,65,MO,Referral
1355,2026-01-05 15:02:41,Elizabeth,Perez,Male,68,IL,Direct
1356,2025-10-02 09:44:41,Linda,Brown,Female,38,IN,Referral
1357,2025-08-06 00:18:41,Patricia,Jones,Male,63,VA,Email Marketing
1358,2026-02-09 00:38:41,Susan,Lewis,Female,26,TN,Paid Search
1359,2026-01-14 06:52:41,Nancy,Taylor,Male,43,MO,Referral
1360,2026-03-03 21:41:41,Jessica,Lee,Female,45,MA,Direct
1361,2026-03-01 20:44:41,Anthony,Garcia,Male,27,IN,Paid Search
1362,2026-06-16 04:44:41,Robert,Thompson,Female,50,IN,Organic Search
1363,2026-01-01 01:53:41,Jessica,Johnson,Male,65,PA,Referral
1364,2026-04-14 07:17:41,Margaret,Wilson,Female,25,FL,Social Media
1365,2026-01-03 07:33:41,Thomas,Jones,Male,25,AZ,Social Media
1366,2026-04-23 11:18:41,Jessica,Smith,Female,68,IL,Paid Search
1367,2025-09-27 21:46:41,Sandra,Lewis,Male,37,MI,Paid Search
1368,2025-07-18 11:45:41,James,Brown,Female,53,AZ,Organic Search
1369,2026-01-05 14:08:41,Charles,Martinez,Male,54,MA,Social Media
1370,2026-03-11 18:44:41,Lisa,Clark,Female,56,IL,Paid Search
1371,2025-12-09 01:06:41,Matthew,Anderson,Male,60,MA,Paid Search
1372,2025-10-23 10:36:41,Karen,Perez,Female,57,VA,Email Marketing
1373,2025-11-15 18:20:41,Sarah,Johnson,Male,60,MA,Direct
1374,2026-05-14 20:34:41,Margaret,Garcia,Female,63,CA,Referral
1375,2025-10-02 17:49:41,Sarah,Lee,Male,25,MO,Organic Search
1376,2026-02-24 15:12:41,Charles,Harris,Female,21,IN,Paid Search
1377,2025-07-05 07:05:41,James,Brown,Male,60,MO,Paid Search
1378,2026-03-26 17:35:41,Michael,Davis,Female,63,MA,Organic Search
1379,2025-12-17 11:26:41,Richard,Jackson,Male,20,TN,Organic Search
1380,2025-11-04 00:22:41,Susan,Smith,Female,51,WA,Email Marketing
1381,2025-09-27 07:04:41,Patricia,Moore,Male,28,MI,Paid Search
1382,2025-09-19 23:54:41,John,Jones,Female,37,VA,Direct
1383,2026-01-11 01:35:41,David,Garcia,Male,19,NY,Social Media
1384,2025-08-25 23:27:41,Robert,Wilson,Female,38,NC,Email Marketing
1385,2026-03-13 14:39:41,Linda,Harris,Male,56,GA,Email Marketing
1386,2026-04-05 11:19:41,Patricia,Rodriguez,Female,21,WA,Email Marketing
1387,2025-11-10 15:52:41,Jessica,Smith,Male,44,GA,Organic Search
1388,2025-08-29 07:51:41,Nancy,Brown,Female,33,MO,Direct
1389,2025-09-06 09:49:41,Susan,Anderson,Male,23,IN,Paid Search
1390,2026-04-06 12:17:41,Jennifer,Sanchez,Female,33,MO,Email Marketing
1391,2025-09-18 22:18:41,James,Clark,Male,47,MI,Direct
1392,2025-11-01 19:39:41,Sandra,Robinson,Female,48,NC,Referral
1393,2026-03-14 07:17:41,Barbara,Clark,Male,58,OH,Referral
1394,2025-08-10 10:59:41,Jennifer,White,Female,52,TX,Social Media
1395,2026-02-02 04:54:41,Patricia,Clark,Male,26,MO,Social Media
1396,2025-11-06 20:43:41,Thomas,Sanchez,Female,38,WA,Direct
1397,2025-10-11 12:53:41,William,Davis,Male,60,WA,Social Media
1398,2025-06-27 17:45:41,David,Smith,Female,62,IL,Direct
1399,2026-04-06 21:00:41,James,Lewis,Male,18,PA,Email Marketing
1400,2026-05-24 18:19:41,Jessica,Harris,Female,43,MO,Organic Search
1401,2025-08-28 10:07:41,Sarah,Smith,Male,70,MA,Direct
1402,2025-09-24 20:15:41,Richard,Clark,Female,56,AZ,Email Marketing
1403,2025-06-30 06:02:41,Patricia,Anderson,Male,41,OH,Email Marketing
1404,2025-08-11 17:55:41,James,Harris,Female,35,AZ,Paid Search
1405,2026-03-05 09:17:41,Elizabeth,Sanchez,Male,63,GA,Paid Search
1406,2025-10-04 18:40:41,William,Thomas,Female,63,OH,Organic Search
1407,2025-09-21 15:27:41,Patricia,Ramirez,Male,35,IN,Email Marketing
1408,2026-04-23 03:02:41,Nancy,White,Female,54,PA,Organic Search
1409,2025-11-13 05:09:41,John,Jones,Male,34,GA,Referral
1410,2025-11-02 19:50:41,Nancy,Smith,Female,62,MO,Referral
1411,2026-06-05 18:18:41,Mark,Anderson,Male,18,VA,Direct
1412,2025-08-27 19:48:41,Margaret,Hernandez,Female,45,VA,Social Media
1413,2025-10-17 23:32:41,Joseph,Thomas,Male,41,IN,Organic Search
1414,2025-06-28 10:27:41,Sandra,Wilson,Female,52,MA,Social Media
1415,2025-10-19 20:42:41,David,Williams,Male,54,CA,Direct
1416,2025-12-11 07:19:41,John,Robinson,Female,33,OH,Paid Search
1417,2026-02-01 22:52:41,Christopher,Lee,Male,24,CA,Email Marketing
1418,2025-08-20 13:30:41,Betty,Lee,Female,39,NC,Paid Search
1419,2025-10-25 01:04:41,David,Clark,Male,21,WA,Referral
1420,2026-02-09 16:22:41,Karen,Martin,Female,46,FL,Direct
1421,2026-06-16 01:05:41,John,Johnson,Male,20,CO,Social Media
1422,2025-11-27 17:55:41,Robert,Johnson,Female,69,MA,Organic Search
1423,2025-07-22 08:09:41,Susan,Williams,Male,24,NY,Referral
1424,2026-04-28 19:54:41,Richard,Gonzalez,Female,24,VA,Paid Search
1425,2026-05-09 17:21:41,James,Anderson,Male,42,MA,Email Marketing
1426,2026-03-17 08:52:41,David,Lee,Female,61,CA,Email Marketing
1427,2025-07-30 17:05:41,Michael,Brown,Male,24,CA,Referral
1428,2026-03-13 06:37:41,Anthony,Miller,Female,54,IL,Direct
1429,2025-10-28 03:06:41,Susan,Thomas,Male,64,MA,Paid Search
1430,2026-02-04 14:56:41,Mary,Johnson,Female,26,MI,Referral
1431,2025-09-09 13:34:41,Matthew,Lopez,Male,37,MO,Paid Search
1432,2026-03-18 16:57:41,Karen,Hernandez,Female,36,AZ,Organic Search
1433,2026-04-07 23:42:41,Nancy,Jones,Male,21,GA,Referral
1434,2025-12-17 04:57:41,Barbara,Miller,Female,30,OH,Organic Search
1435,2026-06-15 09:09:41,Jessica,Thompson,Male,62,MA,Referral
1436,2025-12-11 03:21:41,Charles,Jackson,Female,39,MI,Email Marketing
1437,2025-10-15 22:55:41,Joseph,Lewis,Male,68,NY,Email Marketing
1438,2025-10-13 05:45:41,Linda,Thompson,Female,32,MA,Referral
1439,2026-01-04 04:40:41,Lisa,Harris,Male,70,WA,Direct
1440,2025-08-02 09:16:41,Jennifer,Clark,Female,18,AZ,Organic Search
1441,2025-10-03 18:52:41,Sarah,Brown,Male,27,MI,Email Marketing
1442,2025-10-05 04:33:41,Sandra,Harris,Female,41,NY,Organic Search
1443,2026-04-05 05:26:41,Jennifer,Davis,Male,34,PA,Social Media
1444,2025-07-06 19:23:41,Michael,Smith,Female,29,NC,Organic Search
1445,2025-10-11 07:44:41,Richard,Lee,Male,68,FL,Social Media
1446,2025-09-21 15:06:41,Linda,Lopez,Female,69,AZ,Direct
1447,2025-09-07 03:05:41,Karen,Lewis,Male,45,TX,Organic Search
1448,2026-01-03 08:53:41,Michael,Miller,Female,52,CO,Direct
1449,2026-04-22 05:09:41,Susan,Lee,Male,33,NY,Referral
1450,2025-10-29 23:55:41,Sarah,Martinez,Female,68,IL,Social Media
1451,2026-03-03 05:01:41,Betty,Rodriguez,Male,26,IN,Referral
1452,2026-03-13 11:03:41,John,Sanchez,Female,48,TX,Paid Search
1453,2026-03-08 14:44:41,Mark,Lee,Male,66,IN,Social Media
1454,2026-06-16 14:00:41,Jennifer,Hernandez,Female,63,AZ,Referral
1455,2026-04-20 18:17:41,Jessica,Thomas,Male,35,CO,Direct
1456,2026-01-14 04:34:41,Michael,Davis,Female,30,MA,Paid Search
1457,2025-11-03 15:20:41,Susan,Lewis,Male,42,PA,Social Media
1458,2026-03-18 09:29:41,Robert,Harris,Female,23,MI,Email Marketing
1459,2025-12-15 11:43:41,Charles,Johnson,Male,47,IN,Referral
1460,2025-12-05 06:39:41,Joseph,Wilson,Female,44,AZ,Email Marketing
1461,2026-05-22 00:37:41,James,Garcia,Male,46,GA,Social Media
1462,2026-04-01 18:20:41,Mark,Williams,Female,36,IN,Referral
1463,2025-08-01 09:17:41,Betty,Rodriguez,Male,32,FL,Organic Search
1464,2025-12-11 06:34:41,Sarah,Miller,Female,39,OH,Direct
1465,2026-05-01 03:09:41,Lisa,Clark,Male,67,NC,Paid Search
1466,2025-06-30 07:33:41,Matthew,Thompson,Female,65,MO,Social Media
1467,2026-04-18 18:15:41,Anthony,Lopez,Male,68,CO,Email Marketing
1468,2025-10-20 06:01:41,Jessica,Lee,Female,50,IL,Email Marketing
1469,2026-04-22 16:03:41,Lisa,Miller,Male,48,GA,Referral
1470,2025-08-08 09:09:41,Joseph,White,Female,70,MA,Social Media
1471,2026-02-05 13:09:41,Michael,Wilson,Male,67,VA,Paid Search
1472,2025-08-30 08:02:41,Sarah,Smith,Female,41,IL,Referral
1473,2025-10-19 11:42:41,James,Thomas,Male,69,AZ,Social Media
1474,2025-12-09 16:16:41,Nancy,Harris,Female,43,MO,Social Media
1475,2025-12-12 16:55:41,Charles,Sanchez,Male,20,IL,Paid Search
1476,2025-10-08 10:19:41,Betty,Martin,Female,56,CO,Email Marketing
1477,2025-12-11 16:43:41,Sarah,Gonzalez,Male,30,TN,Organic Search
1478,2025-08-18 19:50:41,Christopher,Lewis,Female,37,TX,Paid Search
1479,2025-09-29 04:19:41,Jennifer,Johnson,Male,70,TN,Organic Search
1480,2025-11-22 19:48:41,Sandra,Gonzalez,Female,36,OH,Paid Search
1481,2025-07-01 03:35:41,John,Anderson,Male,21,AZ,Referral
1482,2025-08-21 02:49:41,Margaret,Robinson,Female,44,CO,Paid Search
1483,2025-10-09 03:10:41,Susan,Thomas,Male,65,TX,Email Marketing
1484,2026-05-01 16:34:41,Michael,Martinez,Female,45,TN,Paid Search
1485,2025-10-06 22:24:41,Charles,Miller,Male,50,MA,Social Media
1486,2025-10-30 14:36:41,Joseph,Williams,Female,70,CO,Referral
1487,2026-04-16 00:02:41,Sandra,Jackson,Male,49,MA,Email Marketing
1488,2026-06-19 21:05:41,John,Martinez,Female,59,MA,Social Media
1489,2025-10-31 04:12:41,Elizabeth,Gonzalez,Male,57,PA,Email Marketing
1490,2026-05-29 03:59:41,Karen,White,Female,45,MA,Email Marketing
1491,2025-09-14 07:11:41,Charles,Brown,Male,43,NY,Paid Search
1492,2025-10-15 13:41:41,Christopher,Moore,Female,36,TX,Direct
1493,2025-08-18 15:04:41,Matthew,Moore,Male,25,AZ,Organic Search
1494,2025-11-02 04:47:41,Matthew,Hernandez,Female,44,MA,Paid Search
1495,2026-06-16 20:02:41,Mary,Anderson,Male,19,TX,Direct
1496,2026-01-14 23:15:41,Joseph,Gonzalez,Female,39,CO,Paid Search
1497,2026-06-04 21:44:41,William,Brown,Male,63,IL,Social Media
1498,2026-05-28 06:00:41,Jessica,Anderson,Female,22,TX,Referral
1499,2025-09-20 22:53:41,Joseph,Jones,Male,48,NC,Paid Search
1500,2026-01-12 03:19:41,Patricia,Garcia,Female,36,FL,Referral
